4502459481-80,USER 518,SE10,Vendor_1,"MOTOR,CARBON",1.000,119.45,MRP_SemiAuto
4502459481-120,USER 518,SE10,Vendor_1,OTHER PROCESS MACHIN,5.000,25.64,MRP_SemiAuto
4502459481-130,USER 518,SE10,Vendor_1,"PIPE,PIPE COMPONENT",10.000,2.99,MRP_SemiAuto
4502459633-10,USER 53,SE06,Vendor_6,AIR FILTER,10.000,113.85,MRP_SemiAuto
4502460471-10,USER 433,SE01,Vendor_6,OTHER PROCESS MACHIN,2.000,1689.00,"Direct purchases, no req"
4502460984-50,USER 2,1441,Vendor_1,MERCHANT BAR,67.860,4.37,MRP_SemiAuto
4502461318-80,USER 14,SE15,Vendor_14,"LAMP,FITTING,OTHER",20.000,1.85,MRP_SemiAuto
4502462321-30,USER 452,X51J,Vendor_1,"PIPE,PIPE COMPONENT",2.000,128.00,Free text based order
4502462618-20,E-USER,SE06,Vendor_1,"HANDTOOL,MACHINE",10.000,3.42,MRP_Auto
4502462624-140,USER 141,SE03,Vendor_1,"HOSE,HOSE COMPONENT",50.000,0.85,MRP_SemiAuto
4502462624-150,USER 141,SE03,Vendor_1,OTHER TECNICAL PART,10.000,3.73,MRP_SemiAuto
4502462764-20,USER 482,SE04,Vendor_14,"SWITCH,CONTACTOR",1.000,50.51,MRP_SemiAuto
4502462805-70,USER 500,SE06,Vendor_9,"A-INT FEES, SERVICES",1.000,200000.00,Framework order
4502463257-10,USER 348,BE91,Vendor_6,JET,20.000,242.55,MRP_Auto
4502463288-10,USER 5,1515,Vendor_6,WOOD HANDLING,90.000,2.00,Order with contract reference
4502463680-20,USER 12,SE19,Vendor_6,MECHANICAL SEAL,3.000,57.58,MRP_SemiAuto
4502463994-10,USER 167,SE12,Vendor_1,PROTECTOR,50.000,3.32,Free text based order
4502464675-20,USER 433,SE01,Vendor_17,"COGGED BELT,PULLEY",2.000,8.33,MRP_SemiAuto
4502464965-50,E-USER,SE06,Vendor_1,"HANDTOOL,MACHINE",1.000,38.12,MRP_Auto
4502465593-210,USER 518,SE10,Vendor_1,"HANDTOOL,MACHINE",10.000,3.97,MRP_SemiAuto
4502465875-150,E-USER,SE06,Vendor_1,"HANDTOOL,MACHINE",1.000,8.61,MRP_Auto
4502465959-80,E-USER,SE15,Vendor_1,"HANDTOOL,MACHINE",8.000,1.70,MRP_Auto
4502466276-10,USER 142,SE04,Vendor_14,"LAMP,FITTING,OTHER",1.000,115.78,Free text based order
4502466620-40,E-USER,DE71,Vendor_18,"CABLE,LEAD",25.000,7.51,Order with contract reference
4502467008-40,USER 433,SE01,Vendor_1,"SWITCH,CONTACTOR",1.000,37.71,MRP_SemiAuto
4502467537-40,E-USER,SE03,Vendor_1,"PIPE,PIPE COMPONENT",10.000,6.55,MRP_Auto
4502467640-80,USER 12,SE19,Vendor_1,"HANDTOOL,MACHINE",48.000,1.11,MRP_SemiAuto
4502467806-10,USER 206,X91J,Vendor_1,TOOLING EQUIPMENT,1.000,795.00,Free text based order
4502467925-10,USER 2,1441,Vendor_1,PLATE,17.000,4.04,MRP_SemiAuto
4502468229-30,E-USER,SE06,Vendor_1,SAFETY CLOTHING,1.000,94.83,MRP_Auto
4502468310-10,USER 414,SE06,Vendor_17,QCS SERVICE,2.000,2900.46,Free text based order
4502468898-40,E-USER,SE06,Vendor_1,PROTECTOR,5.000,57.22,MRP_Auto
4502468902-30,USER 141,SE03,Vendor_1,"HANDTOOL,MACHINE",1.000,1.74,MRP_SemiAuto
4502469078-20,USER 433,SE01,Vendor_1,"LAMP,FITTING,OTHER",1.000,18.89,MRP_SemiAuto
4502469078-30,USER 433,SE01,Vendor_1,"CABLE,LEAD",15.000,0.12,MRP_SemiAuto
4502469085-60,USER 433,SE01,Vendor_1,"HANDTOOL,MACHINE",2.000,9.73,MRP_SemiAuto
4502469113-30,USER 45,SE15,Vendor_5,"MAINTENANCE, GENERAL",1.000,841.46,Order with contract reference
4502469147-10,USER 53,SE06,Vendor_6,DOCTOR BLADE,5.000,0.00,MRP_SemiAuto
4502469158-70,USER 482,SE04,Vendor_1,OTHER FASTENER,200.000,0.05,MRP_SemiAuto
4502469193-20,USER 482,SE04,Vendor_16,OTHER VARIOUS ITEMS,5.000,4.13,MRP_SemiAuto
4502469217-10,USER 482,SE04,Vendor_6,AIR FILTER,1.000,97.00,MRP_SemiAuto
4502470609-10,E-USER,SE07,Vendor_14,LIGHTNING EQUIPMENT,50.000,124.21,eCatalogue
4502470623-90,E-USER,SE06,Vendor_1,"PIPE,PIPE COMPONENT",5.000,8.82,MRP_Auto
4502471178-40,E-USER,SE04,Vendor_2,"CABLE,LEAD",10.000,12.28,eCatalogue
4502471368-30,E-USER,SE06,Vendor_1,"HANDTOOL,MACHINE",50.000,2.39,MRP_Auto
4502471373-100,USER 141,SE03,Vendor_1,PROTECTOR,10.000,9.05,MRP_SemiAuto
4502471394-10,USER 511,SE01,Vendor_6,"MAINTENANCE, GENERAL",1.000,8435.88,Service
4502471746-80,USER 194,DE71,Vendor_19,"HANDTOOL,MACHINE",2.000,1.07,Order with contract reference
4502471925-60,USER 518,SE10,Vendor_1,SAFETY CLOTHING,1.000,48.86,MRP_SemiAuto
4502472202-20,USER 482,SE04,Vendor_14,"CABLE,LEAD",10.000,0.32,MRP_SemiAuto
4502472243-10,USER 199,SE11,Vendor_1,"MEASURING,ADJUSTMENT",3.000,78.13,MRP_SemiAuto
4502472248-40,USER 322,1515,Vendor_6,DRYER FABRIC,1.000,9736.08,"Direct purchases, no req"
4502472334-130,USER 465,SE15,Vendor_9,A-INT MARGIN,1.000,60000.00,Framework order
4502472337-20,USER 433,SE01,Vendor_1,"LAMP,FITTING,OTHER",2.000,15.39,MRP_SemiAuto
4502472337-30,USER 433,SE01,Vendor_1,"FUSE,BOX,CENTER",50.000,0.34,MRP_SemiAuto
4502472666-70,E-USER,SE06,Vendor_1,"PIPE,PIPE COMPONENT",10.000,43.41,MRP_Auto
4502472689-80,USER 14,SE15,Vendor_14,"LAMP,FITTING,OTHER",12.000,27.74,MRP_SemiAuto
4502472689-140,USER 14,SE15,Vendor_14,"SWITCH,CONTACTOR",1.000,74.06,MRP_SemiAuto
4502472722-70,USER 177,SE19,Vendor_1,"CABLE,LEAD",500.000,1.94,Order with contract reference
4502472766-20,USER 482,SE04,Vendor_14,"CABLE,LEAD",5.000,0.74,MRP_SemiAuto
4502472835-10,USER 511,SE01,Vendor_12,SCAFFOLDING SERVICE,1.000,528.94,Service
4502473173-20,USER 348,BE91,Vendor_6,JET,20.000,242.55,MRP_Auto
4502473359-30,E-USER,SE03,Vendor_1,"LAMP,FITTING,OTHER",10.000,24.72,MRP_Auto
4502473365-190,USER 141,SE03,Vendor_1,OTHER MAINTENANCE,4.000,6.19,Order with contract reference
4502473522-20,USER 501,DE01,Vendor_18,"CABLE,LEAD",500.000,0.66,Order with contract reference
4502473548-80,USER 12,SE19,Vendor_1,OTHER TECNICAL PART,1.000,10.41,MRP_SemiAuto
4502473709-10,USER 5,1515,Vendor_6,POWERPLANT,30.000,720.00,MRP_SemiAuto
4502474026-70,USER 141,SE03,Vendor_14,"CABLE,LEAD",4.000,29.50,MRP_SemiAuto
4502474332-60,USER 14,SE15,Vendor_14,"LAMP,FITTING,OTHER",10.000,3.61,MRP_SemiAuto
4502474547-120,USER 446,X71J,Vendor_6,BALL BEARING,2.000,2000.00,Free text based order
4502474682-90,E-USER,DE71,Vendor_19,TOOLING EQUIPMENT,5.000,0.77,Order with contract reference
4502474682-110,E-USER,DE71,Vendor_19,"HANDTOOL,MACHINE",2.000,4.66,Order with contract reference
4502474682-190,E-USER,DE71,Vendor_19,"HANDTOOL,MACHINE",5.000,2.07,Order with contract reference
4502474780-110,E-USER,SE06,Vendor_1,TOOLING EQUIPMENT,5.000,15.10,MRP_Auto
4502474841-80,USER 177,SE19,Vendor_1,"LAMP,FITTING,OTHER",2.000,3.79,Order with contract reference
4502474864-70,USER 433,SE01,Vendor_1,"SCREW,NUT,WASHER",25.000,0.97,MRP_SemiAuto
4502474891-30,USER 499,DE71,Vendor_18,CLEANER,5.000,19.80,Order with contract reference
4502475078-10,E-USER,DE71,Vendor_18,"LAMP,FITTING,OTHER",10.000,3.55,Order with contract reference
4502475219-10,USER 452,X51J,Vendor_1,"PIPE,PIPE COMPONENT",10.000,150.00,MRP_SemiAuto
4502475344-10,USER 140,SE04,Vendor_1,"PIPE,PIPE COMPONENT",12.000,6.48,Free text based order
4502475532-150,USER 141,SE03,Vendor_1,"HANDTOOL,MACHINE",60.000,19.98,MRP_SemiAuto
4502476570-120,USER 433,SE01,Vendor_1,"SCREW,NUT,WASHER",50.000,1.38,Order with contract reference
4502476882-50,USER 14,SE15,Vendor_14,"CABLE,LEAD",20.000,0.52,MRP_SemiAuto
4502477551-150,E-USER,SE06,Vendor_1,"PIPE,PIPE COMPONENT",2.000,3.93,MRP_Auto
4502478213-50,USER 141,SE03,Vendor_14,"CABLE,LEAD",200.000,0.12,MRP_SemiAuto
4502478213-170,USER 141,SE03,Vendor_14,"SWITCH,CONTACTOR",3.000,1.35,Order with contract reference
4502478308-70,USER 12,SE19,Vendor_1,"PIPE,PIPE COMPONENT",2.000,9.68,MRP_SemiAuto
4502478308-170,USER 12,SE19,Vendor_1,"HANDTOOL,MACHINE",10.000,4.58,MRP_SemiAuto
4502478380-10,USER 511,SE01,Vendor_12,SCAFFOLDING SERVICE,1.000,634.77,Service
4502478491-10,USER 245,SE19,Vendor_13,"MAINTENANCE, GENERAL",1.000,435.13,Service
4502478906-50,USER 433,SE01,Vendor_1,MAINTENANCE CHEMICAL,1.000,21.82,MRP_SemiAuto
4502479305-60,USER 2,1441,Vendor_1,"PIPE,PIPE COMPONENT",10.000,2.18,MRP_SemiAuto
4502479305-70,USER 2,1441,Vendor_1,"PIPE,PIPE COMPONENT",5.000,48.47,MRP_SemiAuto
4502480494-10,E-USER,SE06,Vendor_14,"TRANSFORMER,INVERTER",2.000,253.84,MRP_Auto
4502480861-50,USER 518,SE10,Vendor_1,SAFETY CLOTHING,1.000,48.84,MRP_SemiAuto
4502480942-120,USER 142,SE04,Vendor_2,"IT ADP-EQUIPMENT,DEV",5.000,5.59,Free text based order
4502481114-30,USER 306,1435,Vendor_6,"REFINER,DEFIBRATOR",1.000,249000.00,Free text based order
4502481453-40,E-USER,SE15,Vendor_1,"PIPE,PIPE COMPONENT",10.000,3.03,MRP_Auto
4502481453-80,E-USER,SE15,Vendor_1,"PIPE,PIPE COMPONENT",1.000,11.91,MRP_Auto
4502481524-20,USER 23,SE07,Vendor_14,"CABLE,LEAD",100.000,1.00,MRP_SemiAuto
4502481524-70,USER 23,SE07,Vendor_14,"LAMP,FITTING,OTHER",100.000,0.04,MRP_SemiAuto
4502481594-10,USER 12,SE19,Vendor_1,OTHER TECNICAL PART,240.000,0.26,MRP_SemiAuto
4502481624-120,USER 245,SE19,Vendor_1,"CABLE,LEAD",200.000,0.08,Free text based order
4502482017-20,USER 5,1515,Vendor_6,"PM,BM,COATING",2.000,1410.00,Order with contract reference
4502482017-30,USER 5,1515,Vendor_6,JET,10.000,59.40,Order with contract reference
4502482591-40,USER 433,SE01,Vendor_1,HOIST EQUIPMENT,2.000,2.80,MRP_SemiAuto
4502482788-290,USER 12,SE19,Vendor_1,"SCREW,NUT,WASHER",5.000,4.99,Order with contract reference
4502482825-10,USER 295,SE03,Vendor_20,EXPERT SUPPORT,1.000,45476.54,Service
4502482935-60,USER 205,DE81,Vendor_19,"LAMP,FITTING,OTHER",1.000,32.82,Free text based order
4502483418-50,USER 433,SE01,Vendor_1,"ALARM,CONTROL",4.000,90.99,MRP_SemiAuto
4502483881-30,E-USER,DE71,Vendor_19,"HANDTOOL,MACHINE",5.000,3.36,Order with contract reference
4502483937-10,USER 5,X51J,Vendor_6,OTHER TECNICAL PART,1.000,420.00,Free text based order
4502483943-10,E-USER,DE01,Vendor_19,"HANDTOOL,MACHINE",10.000,19.09,eCatalogue
4502484047-30,USER 243,SE15,Vendor_6,"PM,BM,COATING",2.000,29.70,MRP_SemiAuto
4502485016-90,E-USER,SE07,Vendor_1,"SCREW,NUT,WASHER",200.000,0.02,MRP_Auto
4502485535-40,USER 12,SE19,Vendor_1,OTHER TECNICAL PART,10.000,0.90,MRP_SemiAuto
4502485634-40,USER 478,1715,Vendor_6,HYDR. CYLINDER,2.000,4650.00,MRP_SemiAuto
4502485643-20,E-USER,DE52,Vendor_18,"ALARM,CONTROL",1.000,108.58,Order with contract reference
4502486199-10,USER 482,SE04,Vendor_14,"CABLE,LEAD",5.000,0.12,MRP_SemiAuto
4502486199-60,USER 482,SE04,Vendor_14,"LAMP,FITTING,OTHER",4.000,3.73,MRP_SemiAuto
4502486565-10,USER 262,1715,Vendor_6,"CORD PACKING,STRIPS",1.000,15.00,Order with contract reference
4502486664-40,USER 56,SE15,Vendor_14,"FUSE,BOX,CENTER",1.000,0.95,Order with contract reference
4502487207-10,USER 225,SE03,Vendor_1,HEAT.PLUMB.AIR-COND.,2.000,607.00,Free text based order
4502488153-50,USER 5,1515,Vendor_6,MACHINE ROLL,1.000,33000.00,Free text based order
4502488169-30,USER 518,SE10,Vendor_1,"HANDTOOL,MACHINE",2.000,4.75,MRP_SemiAuto
4502488373-10,USER 177,SE19,Vendor_6,OTHER VALVE,1.000,1498.00,MRP_SemiAuto
4502488440-40,USER 177,SE19,Vendor_1,"LAMP,FITTING,OTHER",20.000,5.38,Order with contract reference
4502488660-10,USER 488,1435,Vendor_6,"WATER FILTER, OTHER",10.000,9.00,Order with contract reference
4502489180-20,E-USER,SE04,Vendor_1,TOOLING EQUIPMENT,2.000,2.29,MRP_Auto
4502489195-90,E-USER,SE06,Vendor_1,"SCREW,NUT,WASHER",50.000,0.99,MRP_Auto
4502490069-10,USER 23,SE07,Vendor_14,"SWITCH,CONTACTOR",1.000,57.27,MRP_SemiAuto
4502490071-80,USER 23,SE07,Vendor_1,SAFETY CLOTHING,1.000,70.02,MRP_SemiAuto
4502490416-10,USER 446,1715,Vendor_1,BALLVALVE,1.000,85.25,MRP_SemiAuto
4502491246-140,E-USER,DE71,Vendor_19,"HANDTOOL,MACHINE",2.000,2.24,Order with contract reference
4502491246-150,E-USER,DE71,Vendor_19,TOOLING EQUIPMENT,2.000,8.91,Order with contract reference
4502491246-170,E-USER,DE71,Vendor_19,"HANDTOOL,MACHINE",2.000,1.72,Order with contract reference
4502491389-40,E-USER,SE06,Vendor_1,PROTECTOR,1.000,50.41,MRP_Auto
4502491394-30,E-USER,SE03,Vendor_1,"HANDTOOL,MACHINE",1.000,3.20,MRP_Auto
4502491511-20,USER 236,1715,Vendor_1,PNEUMATIC EQUIPMENT,1.000,78.75,MRP_SemiAuto
4502491724-40,USER 518,SE10,Vendor_1,"HOSE,HOSE COMPONENT",10.000,4.21,MRP_SemiAuto
4502492087-20,USER 335,BE91,Vendor_6,"V-BELT,PULLEY",66.000,1029.00,MRP_SemiAuto
4502492216-80,USER 433,SE01,Vendor_1,SAFETY CLOTHING,1.000,113.80,MRP_SemiAuto
4502492443-340,USER 141,SE03,Vendor_14,"WATER FILTER, OTHER",1.000,58.98,MRP_SemiAuto
4502492669-10,USER 28,DE52,Vendor_18,"MEASURING,ADJUSTMENT",1.000,154.80,"Direct purchases, no req"
4502492731-10,USER 482,SE04,Vendor_16,OTHER VARIOUS ITEMS,10.000,0.10,MRP_SemiAuto
4502492731-30,USER 482,SE04,Vendor_16,OTHER VARIOUS ITEMS,100.000,0.16,MRP_SemiAuto
4502493107-30,USER 482,SE04,Vendor_1,SAFETY CLOTHING,1.000,97.27,MRP_SemiAuto
4502493132-30,USER 225,SE03,Vendor_1,SAFETY CLOTHING,1.000,90.66,Free text based order
4502493292-10,USER 433,SE01,Vendor_17,"MAINTENANCE, GENERAL",1.000,3121.70,Free text based order
4502493300-10,USER 518,SE10,Vendor_1,SAFETY CLOTHING,1.000,60.88,MRP_SemiAuto
4502493483-10,USER 433,SE01,Vendor_6,OTHER PROCESS MACHIN,2.000,445.61,MRP_SemiAuto
4502493533-170,USER 410,1441,Vendor_6,OTHER SEAL,33.000,34.00,"Direct purchases, no req"
4502493801-70,E-USER,DE71,Vendor_19,"HANDTOOL,MACHINE",2.000,6.46,Order with contract reference
4502493899-20,USER 141,SE03,Vendor_14,"CABLE,LEAD",50.000,3.75,MRP_SemiAuto
4502493899-200,USER 141,SE03,Vendor_14,"CABLE,LEAD",18.000,11.10,MRP_SemiAuto
4502493899-680,USER 141,SE03,Vendor_14,"CABLE,LEAD",10.000,7.76,MRP_SemiAuto
4502494466-10,USER 519,X51J,Vendor_6,EXPERT SUPPORT,1.000,2000.00,Free text based order
4502494581-170,E-USER,SE06,Vendor_1,PROTECTIVE EQUIPMENT,5.000,7.67,MRP_Auto
4502494651-50,USER 12,SE19,Vendor_1,PROTECTOR,4.000,2.63,MRP_SemiAuto
4502494844-40,USER 23,SE07,Vendor_1,SAFETY CLOTHING,1.000,70.26,MRP_SemiAuto
4502494850-10,E-USER,DE52,Vendor_18,"CABLE,LEAD",5000.000,5.26,MRP_Auto
4502495041-20,USER 433,SE01,Vendor_17,"MEASURING,ADJUSTMENT",3.000,728.61,MRP_SemiAuto
4502495761-80,USER 53,SE06,Vendor_6,BLADE CHOPPING/REFIN,1.000,980.00,MRP_SemiAuto
4502495775-10,USER 234,X51A,Vendor_1,BEARING EQUIPMENT,1.000,18.67,Free text based order
4502496063-50,USER 14,SE15,Vendor_14,"LAMP,FITTING,OTHER",2.000,17.06,MRP_SemiAuto
4502496580-90,USER 518,SE10,Vendor_1,HOUSEHOLD THINGS,1.000,5.73,Free text based order
4502496973-20,E-USER,DE71,Vendor_19,"HANDTOOL,MACHINE",2.000,2.23,Order with contract reference
4502496973-90,E-USER,DE71,Vendor_19,"HANDTOOL,MACHINE",2.000,8.39,Order with contract reference
4502496973-200,E-USER,DE71,Vendor_19,"HANDTOOL,MACHINE",5.000,3.81,Order with contract reference
4502496973-210,E-USER,DE71,Vendor_19,"HANDTOOL,MACHINE",5.000,4.18,Order with contract reference
4502496973-250,E-USER,DE71,Vendor_19,"HANDTOOL,MACHINE",5.000,1.13,Order with contract reference
4502497088-60,USER 141,SE03,Vendor_1,"HANDTOOL,MACHINE",1.000,6.98,MRP_SemiAuto
4502497334-10,USER 433,SE01,Vendor_1,HEALTH CARE,2.000,24.54,MRP_SemiAuto
4502497334-100,USER 433,SE01,Vendor_1,"SCREW,NUT,WASHER",25.000,0.76,MRP_SemiAuto
4502497596-10,USER 245,SE19,Vendor_1,"HANDTOOL,MACHINE",3.000,678.65,Free text based order
4502497970-20,USER 23,SE07,Vendor_14,"SWITCH,CONTACTOR",1.000,223.43,MRP_SemiAuto
4502498097-10,USER 496,X51J,Vendor_6,MAINT.SERVICE&REPAIR,1.000,2500.00,Free text based order
4502498202-10,USER 23,SE06,Vendor_1,SAFETY CLOTHING,1.000,89.96,MRP_SemiAuto
4502498354-40,USER 482,SE04,Vendor_1,"PIPE,PIPE COMPONENT",5.000,43.67,MRP_SemiAuto
4502498793-10,USER 45,SE15,Vendor_6,OTHER MAINTENANCE,1.000,8402.92,Free text based order
4502499738-50,USER 23,SE06,Vendor_1,SAFETY CLOTHING,1.000,111.75,MRP_SemiAuto
4502499739-10,USER 14,SE15,Vendor_14,"CABLE,LEAD",100.000,0.12,MRP_SemiAuto
4502500141-30,USER 518,SE10,Vendor_1,"HANDTOOL,MACHINE",8.000,4.31,MRP_SemiAuto
4502500141-90,USER 518,SE10,Vendor_1,SAFETY CLOTHING,10.000,5.07,MRP_SemiAuto
4502500514-10,USER 482,SE04,Vendor_6,OTHER PROCESS MACHIN,4.000,443.91,MRP_SemiAuto
4502500592-20,USER 433,SE01,Vendor_17,"CONTROL SYSTEM,ADP",1.000,0.00,"Direct purchases, no req"
4502500676-50,USER 177,SE19,Vendor_1,"LAMP,FITTING,OTHER",2.000,78.98,MRP_SemiAuto
4502500761-20,USER 270,DE71,Vendor_18,"CABLE,LEAD",2000.000,1.22,Order with contract reference
4502500775-10,USER 511,SE01,Vendor_12,"MAINTENANCE, GENERAL",1.000,1268.36,Order with contract reference
4502501165-40,USER 141,SE03,Vendor_1,SAFETY CLOTHING,20.000,1.55,Order with contract reference
4502501475-50,E-USER,SE15,Vendor_1,"REFINER,DEFIBRATOR",100.000,0.81,MRP_Auto
4502501633-20,USER 53,SE06,Vendor_6,DOCTOR BLADE,10.000,0.00,MRP_SemiAuto
4502502235-10,USER 270,DE71,Vendor_18,"CONTROL SYSTEM,ADP",2.000,282.98,Order with contract reference
4502502286-10,USER 225,SE03,Vendor_6,ROLLGRINDING SERVICE,1.000,6870.31,Free text based order
4502502565-10,E-USER,DE52,Vendor_18,"ALARM,CONTROL",5.000,116.68,MRP_Auto
4502502595-60,USER 433,SE01,Vendor_16,OTHER VARIOUS ITEMS,100.000,1.60,"Direct purchases, no req"
4502502751-10,USER 496,1822,Vendor_1,"HANDTOOL,MACHINE",1.000,22.01,Free text based order
4502502791-10,USER 511,SE01,Vendor_1,OTHER TECNICAL PART,1.000,224.50,Free text based order
4502502844-40,E-USER,SE03,Vendor_1,"HANDTOOL,MACHINE",1.000,16.30,eCatalogue
4502502934-40,USER 433,SE01,Vendor_1,"HANDTOOL,MACHINE",1.000,4.68,MRP_SemiAuto
4502503038-50,USER 141,SE03,Vendor_14,"CABLE,LEAD",4.000,1.69,MRP_SemiAuto
4502503097-80,USER 482,SE04,Vendor_14,"FUSE,BOX,CENTER",10.000,21.13,MRP_SemiAuto
4502503257-10,USER 236,X51J,Vendor_1,"CABLE,LEAD",12.000,29.40,Free text based order
4502503333-20,USER 12,SE19,Vendor_6,MECHANICAL SEAL,1.000,57.00,MRP_SemiAuto
4502504885-20,USER 2,1441,Vendor_6,POWERPLANT,30.000,42.00,"Direct purchases, no req"
4502505332-20,USER 518,SE10,Vendor_1,SAFETY CLOTHING,1.000,86.82,MRP_SemiAuto
4502505457-20,USER 140,SE04,Vendor_1,CENTRIFUGAL PUMP,1.000,937.90,Free text based order
4502505500-10,E-USER,DE01,Vendor_18,"SCREW,NUT,WASHER",1.000,44.98,eCatalogue
4502505616-10,E-USER,SE04,Vendor_1,"HANDTOOL,MACHINE",1.000,121.07,MRP_Auto
4502505880-160,USER 433,SE01,Vendor_1,"PIPE,PIPE COMPONENT",5.000,6.57,Order with contract reference
4502505888-80,USER 12,SE19,Vendor_1,"SCREW,NUT,WASHER",50.000,0.53,MRP_SemiAuto
4502506091-20,USER 53,SE06,Vendor_6,"SIEVE,SCREEN",2.000,3500.00,MRP_SemiAuto
4502506138-20,USER 433,SE01,Vendor_6,MACHINE ROLL,1.000,0.00,"Direct purchases, no req"
4502506431-30,USER 518,SE10,Vendor_1,"HANDTOOL,MACHINE",1.000,10.62,MRP_SemiAuto
4502506598-80,E-USER,SE06,Vendor_1,"HANDTOOL,MACHINE",20.000,2.65,MRP_Auto
4502507340-130,E-USER,SE06,Vendor_1,"HANDTOOL,MACHINE",1.000,2.01,MRP_Auto
4502507430-50,USER 12,SE19,Vendor_1,"HANDTOOL,MACHINE",1.000,19.19,MRP_SemiAuto
4502507430-70,USER 12,SE19,Vendor_1,"HOSE,HOSE COMPONENT",10.000,9.53,MRP_SemiAuto
4502508024-30,USER 523,X92J,Vendor_1,OTHER TECNICAL PART,7.000,320.00,Free text based order
4502508120-20,E-USER,DE01,Vendor_18,"SWITCH,CONTACTOR",2.000,66.75,Order with contract reference
4502508544-190,E-USER,DE01,Vendor_19,LAB EQUIPMENT,2.000,36.91,eCatalogue
4502508545-60,E-USER,SE06,Vendor_14,"CABLE,LEAD",1.000,2.13,MRP_Auto
4502508728-50,USER 177,SE19,Vendor_1,"SWITCH,CONTACTOR",1.000,366.48,MRP_SemiAuto
4502508902-20,USER 482,SE04,Vendor_1,"HOSE,HOSE COMPONENT",20.000,1.32,MRP_SemiAuto
4502509207-40,USER 348,BE91,Vendor_6,FINISHING,1.000,23.55,MRP_SemiAuto
4502509223-30,E-USER,SE07,Vendor_1,PAPER PRODUCT,12.000,30.15,MRP_Auto
4502509233-160,E-USER,SE06,Vendor_1,"HANDTOOL,MACHINE",1.000,12.09,MRP_Auto
4502509298-20,USER 496,1822,Vendor_1,"HANDTOOL,MACHINE",2.000,152.10,Free text based order
4502509298-200,USER 496,1822,Vendor_1,"HANDTOOL,MACHINE",2.000,34.40,Free text based order
4502509364-10,USER 5,1515,Vendor_6,FINISHING,1.000,399.96,Order with contract reference
4502509419-30,USER 12,SE19,Vendor_1,"HANDTOOL,MACHINE",2.000,12.42,MRP_SemiAuto
4502509419-90,USER 12,SE19,Vendor_1,"HANDTOOL,MACHINE",1.000,21.52,MRP_SemiAuto
4502509419-130,USER 12,SE19,Vendor_1,"HOSE,HOSE COMPONENT",2.000,1.77,MRP_SemiAuto
4502509445-20,USER 433,SE01,Vendor_1,"MEASURING,ADJUSTMENT",1.000,82.85,MRP_SemiAuto
4502510200-70,USER 433,SE01,Vendor_1,"SCREW,NUT,WASHER",25.000,0.76,MRP_SemiAuto
4502510463-160,E-USER,SE03,Vendor_1,TOOLING EQUIPMENT,1.000,7.99,MRP_Auto
4502510479-70,USER 141,SE03,Vendor_1,PROTECTOR,2.000,8.22,MRP_SemiAuto
4502510479-160,USER 141,SE03,Vendor_1,"HOSE,HOSE COMPONENT",5.000,9.61,Order with contract reference
4502510479-350,USER 141,SE03,Vendor_1,"HANDTOOL,MACHINE",2.000,1.34,MRP_SemiAuto
4502510499-190,USER 141,SE03,Vendor_14,"LAMP,FITTING,OTHER",10.000,22.38,MRP_SemiAuto
4502510576-10,USER 482,SE04,Vendor_17,"CONTROL SYSTEM,ADP",1.000,236.04,MRP_SemiAuto
4502511244-70,E-USER,DE01,Vendor_18,"CABLE,LEAD",1000.000,2.21,Order with contract reference
4502511635-30,USER 53,SE06,Vendor_6,CRANE,1.000,1550.00,MRP_SemiAuto
4502512397-10,E-USER,DE52,Vendor_18,"CABLE,LEAD",500.000,46.26,Order with contract reference
4502512410-170,USER 2,1441,Vendor_1,"PIPE,PIPE COMPONENT",10.000,48.41,"Direct purchases, no req"
4502512533-30,E-USER,SE15,Vendor_1,"PIPE,PIPE COMPONENT",12.000,2.04,MRP_Auto
4502513196-20,USER 194,DE71,Vendor_19,"HANDTOOL,MACHINE",5.000,1.00,Order with contract reference
4502513338-60,USER 433,SE01,Vendor_1,PLATE,64.000,127.76,MRP_SemiAuto
4502514751-30,E-USER,DE71,Vendor_19,TOOLING EQUIPMENT,1.000,38.42,Order with contract reference
4502515488-60,USER 12,SE19,Vendor_1,"PIPE,PIPE COMPONENT",10.000,3.05,MRP_SemiAuto
4502516166-60,USER 5,1515,Vendor_6,"PM,BM,COATING",6.000,29.70,Order with contract reference
4502516357-50,E-USER,DE01,Vendor_18,"SWITCH,CONTACTOR",10.000,22.14,Order with contract reference
4502516475-130,USER 14,SE15,Vendor_14,"FUSE,BOX,CENTER",10.000,1.50,MRP_SemiAuto
4502516534-40,USER 518,SE10,Vendor_1,"HANDTOOL,MACHINE",2.000,1.72,MRP_SemiAuto
4502516638-20,USER 433,SE01,Vendor_1,"SWITCH,CONTACTOR",2.000,36.85,MRP_SemiAuto
4502516638-30,USER 433,SE01,Vendor_1,"CABLE,LEAD",10.000,0.49,MRP_SemiAuto
4502516674-50,USER 433,SE01,Vendor_1,PROTECTOR,20.000,9.94,MRP_SemiAuto
4502516862-40,E-USER,SE06,Vendor_1,SAFETY CLOTHING,1.000,37.94,MRP_Auto
4502517115-50,USER 433,SE01,Vendor_1,"HANDTOOL,MACHINE",1.000,7.36,MRP_SemiAuto
4502517115-70,USER 433,SE01,Vendor_1,TOOLING EQUIPMENT,100.000,2.35,MRP_SemiAuto
4502517753-40,USER 434,X92J,Vendor_1,"HOSE,HOSE COMPONENT",2.000,3.60,Free text based order
4502517963-60,USER 12,SE19,Vendor_6,"SIEVE,SCREEN",1.000,231.00,MRP_SemiAuto
4502518346-40,E-USER,SE07,Vendor_1,"HANDTOOL,MACHINE",1.000,7.26,MRP_Auto
4502518355-40,E-USER,SE06,Vendor_1,SAFETY CLOTHING,1.000,94.48,MRP_Auto
4502518374-220,USER 141,SE03,Vendor_1,PROTECTOR,10.000,57.47,MRP_SemiAuto
4502518455-20,USER 23,SE07,Vendor_14,"LAMP,FITTING,OTHER",1.000,7.98,MRP_SemiAuto
4502519152-40,USER 141,SE03,Vendor_14,"CABLE,LEAD",500.000,1.07,MRP_SemiAuto
4502520130-10,USER 12,SE19,Vendor_1,"HOSE,HOSE COMPONENT",50.000,2.50,MRP_SemiAuto
4502520130-100,USER 12,SE19,Vendor_1,"TRANSFORMER,INVERTER",2.000,11.05,MRP_SemiAuto
4502520159-70,USER 12,SE19,Vendor_6,OTHER CONVEYOR,4.000,35.00,"Direct purchases, no req"
4502520177-40,USER 433,SE01,Vendor_1,"PIPE,PIPE COMPONENT",10.000,2.92,MRP_SemiAuto
4502520337-60,USER 182,SE03,Vendor_1,"PIPE,PIPE COMPONENT",4.000,10.29,Free text based order
4502520597-50,USER 25,SE15,Vendor_2,OTHER TECNICAL PART,1.000,6.86,Free text based order
4502520909-10,USER 245,SE19,Vendor_5,"MAINTENANCE, GENERAL",1.000,485.02,Service
4502521058-50,USER 496,X92J,Vendor_1,"HANDTOOL,MACHINE",1.000,3.98,Free text based order
4502521535-60,USER 482,SE04,Vendor_14,"SWITCH,CONTACTOR",1.000,8.89,MRP_SemiAuto
4502521680-40,USER 14,SE15,Vendor_1,"PIPE,PIPE COMPONENT",4.000,6.51,MRP_SemiAuto
4502521867-60,USER 433,SE01,Vendor_1,"HANDTOOL,MACHINE",1.000,23.65,MRP_SemiAuto
4502521873-60,USER 433,SE01,Vendor_1,SAFETY CLOTHING,1.000,112.47,MRP_SemiAuto
4502522215-80,USER 141,SE03,Vendor_1,"PIPE,PIPE COMPONENT",10.000,6.61,MRP_SemiAuto
4502522575-80,USER 2,1441,Vendor_1,"PIPE,PIPE COMPONENT",5.000,1.70,MRP_SemiAuto
4502522661-50,USER 518,SE10,Vendor_1,SAFETY CLOTHING,24.000,7.95,MRP_SemiAuto
4502523189-10,USER 154,1225,Vendor_6,"PM,BM,COATING",1.000,474000.00,Free text based order
4502523579-20,E-USER,DE01,Vendor_18,"CABLE,LEAD",100.000,20.46,Order with contract reference
4502524096-40,USER 177,SE19,Vendor_1,"SCREW,NUT,WASHER",100.000,0.24,"Direct purchases, no req"
4502524170-30,USER 177,SE19,Vendor_1,"CABLE,LEAD",100.000,0.06,"Direct purchases, no req"
4502524265-10,USER 12,SE19,Vendor_6,OTHER TECNICAL PART,1.000,290.88,MRP_SemiAuto
4502524518-70,USER 511,SE01,Vendor_1,"MEASURING,ADJUSTMENT",1.000,1.14,Free text based order
4502524762-40,USER 153,1916,Vendor_6,OTHER TECNICAL PART,1.000,99000.00,"Direct purchases, no req"
4502525107-20,USER 153,1916,Vendor_6,PRESS FELT,1.000,18298.03,"Direct purchases, no req"
4502525439-10,USER 153,1916,Vendor_6,"PM,BM,COATING",4.000,335.00,"Direct purchases, no req"
4502525461-40,USER 153,1916,Vendor_6,FORMING FABRIC,1.000,11998.49,"Direct purchases, no req"
4502525467-10,USER 153,1916,Vendor_1,GEAR MOTOR,1.000,862.50,"Direct purchases, no req"
4502526369-150,USER 153,1926,Vendor_6,DOCTOR BLADE,95.000,124.60,"Direct purchases, no req"
4502526371-60,USER 153,1926,Vendor_6,DOCTOR BLADE,95.000,129.20,"Direct purchases, no req"
4502527394-110,USER 433,SE01,Vendor_1,SAFETY CLOTHING,1.000,112.16,MRP_SemiAuto
4502527628-20,USER 140,SE04,Vendor_1,"HANDTOOL,MACHINE",2.000,12.83,Free text based order
4502527962-50,USER 23,SE06,Vendor_14,"ALARM,CONTROL",1.000,204.98,MRP_SemiAuto
4502528028-20,USER 433,SE01,Vendor_17,"MEASURING,ADJUSTMENT",1.000,1653.78,MRP_SemiAuto
4502528031-50,USER 433,SE01,Vendor_1,"LAMP,FITTING,OTHER",5.000,2.98,MRP_SemiAuto
4502528052-60,USER 12,SE19,Vendor_1,"HANDTOOL,MACHINE",1.000,8.12,MRP_SemiAuto
4502528151-10,E-USER,DE01,Vendor_18,"LAMP,FITTING,OTHER",50.000,13.43,Order with contract reference
4502528773-70,E-USER,SE04,Vendor_1,"HANDTOOL,MACHINE",2.000,8.92,MRP_Auto
4502528804-20,USER 141,SE03,Vendor_14,"LAMP,FITTING,OTHER",60.000,1.17,MRP_SemiAuto
4502528804-200,USER 141,SE03,Vendor_14,"CABLE,LEAD",1000.000,0.01,MRP_SemiAuto
4502529088-10,E-USER,DE52,Vendor_18,"SWITCH,CONTACTOR",1.000,72.93,MRP_Auto
4502529327-50,USER 433,SE01,Vendor_1,BALLVALVE,5.000,13.88,MRP_SemiAuto
4502529330-20,USER 433,SE01,Vendor_1,"HANDTOOL,MACHINE",2.000,6.01,MRP_SemiAuto
4502529520-30,USER 23,SE06,Vendor_1,BUILDING MATERIAL,10.000,1.26,MRP_SemiAuto
4502529591-10,USER 322,1926,Vendor_6,"HOSE,HOSE COMPONENT",4.000,1247.40,Order with contract reference
4502529674-170,USER 12,SE19,Vendor_1,"HANDTOOL,MACHINE",2.000,5.68,MRP_SemiAuto
4502529862-10,USER 442,SE01,Vendor_1,SAFETY CLOTHING,20.000,10.87,"Direct purchases, no req"
4502529862-30,USER 442,SE01,Vendor_1,SAFETY CLOTHING,20.000,1.88,"Direct purchases, no req"
4502529907-20,USER 14,SE15,Vendor_14,"CABLE,LEAD",20.000,1.73,MRP_SemiAuto
4502530233-120,E-USER,SE06,Vendor_1,"HANDTOOL,MACHINE",7.000,4.73,MRP_Auto
4502530802-20,USER 411,SE11,Vendor_1,"LAMP,FITTING,OTHER",7.000,230.74,Free text based order
4502531516-10,USER 174,DE01,Vendor_6,"PIPE,PIPE COMPONENT",2.000,405.00,Free text based order
4502531730-80,USER 482,SE04,Vendor_1,"PIPE,PIPE COMPONENT",10.000,4.42,MRP_SemiAuto
4502531759-140,USER 177,SE19,Vendor_1,"FUSE,BOX,CENTER",100.000,0.28,"Direct purchases, no req"
4502531759-150,USER 177,SE19,Vendor_1,"LAMP,FITTING,OTHER",5.000,0.10,"Direct purchases, no req"
4502531762-40,USER 23,SE06,Vendor_14,"MOTOR,CARBON",1.000,22.77,MRP_SemiAuto
4502531788-80,USER 12,SE19,Vendor_1,OTHER TECNICAL PART,1.000,10.07,MRP_SemiAuto
4502531892-30,USER 12,SE19,Vendor_6,OTHER TECNICAL PART,4.000,121.00,"Direct purchases, no req"
4502531892-90,USER 12,SE19,Vendor_6,OTHER TECNICAL PART,16.000,1.00,"Direct purchases, no req"
4502531936-10,USER 53,SE06,Vendor_17,"MEASURING,ADJUSTMENT",1.000,875.00,MRP_SemiAuto
4502532164-30,E-USER,SE06,Vendor_1,HOIST EQUIPMENT,2.000,11.16,MRP_Auto
4502532189-20,USER 141,SE03,Vendor_1,"HANDTOOL,MACHINE",1.000,6.10,MRP_SemiAuto
4502532189-200,USER 141,SE03,Vendor_1,HOIST EQUIPMENT,10.000,14.41,MRP_SemiAuto
4502532189-270,USER 141,SE03,Vendor_1,HEALTH CARE,5.000,15.02,MRP_SemiAuto
4502532189-340,USER 141,SE03,Vendor_1,HOIST EQUIPMENT,4.000,56.32,MRP_SemiAuto
4502532341-10,USER 482,SE04,Vendor_1,"HOSE,HOSE COMPONENT",50.000,1.52,MRP_SemiAuto
4502532507-10,USER 142,SE04,Vendor_2,OTHER MAINTENANCE,1.000,162.01,Free text based order
4502533159-50,USER 433,SE01,Vendor_1,"PIPE,PIPE COMPONENT",6.000,14.29,MRP_SemiAuto
4502533436-10,USER 500,SE06,Vendor_6,"MAINTENANCE, GENERAL",1.000,20430.47,Service
4502534093-170,USER 141,SE03,Vendor_14,"MEASURING,ADJUSTMENT",1.000,295.68,Order with contract reference
4502534093-180,USER 141,SE03,Vendor_14,"CABLE,LEAD",1000.000,0.02,MRP_SemiAuto
4502534191-30,USER 23,SE06,Vendor_14,"LAMP,FITTING,OTHER",25.000,2.99,MRP_SemiAuto
4502534312-20,USER 23,SE07,Vendor_14,"LAMP,FITTING,OTHER",1.000,27.29,MRP_SemiAuto
4502534938-20,E-USER,SE06,Vendor_1,TOOLING EQUIPMENT,200.000,1.68,MRP_Auto
4502534938-160,E-USER,SE06,Vendor_1,"PIPE,PIPE COMPONENT",10.000,2.96,MRP_Auto
4502534938-200,E-USER,SE06,Vendor_1,TOOLING EQUIPMENT,10.000,2.10,MRP_Auto
4502535367-60,USER 518,SE10,Vendor_1,"HANDTOOL,MACHINE",1.000,19.94,MRP_SemiAuto
4502535711-20,E-USER,SE06,Vendor_1,PROTECTOR,2.000,23.41,MRP_Auto
4502535711-200,E-USER,SE06,Vendor_1,SAFETY CLOTHING,120.000,3.03,MRP_Auto
4502535755-130,USER 141,SE03,Vendor_1,"HANDTOOL,MACHINE",1.000,20.24,MRP_SemiAuto
4502537183-50,E-USER,SE07,Vendor_1,"PAINT,GLUE",2.000,2.83,MRP_Auto
4502537192-30,E-USER,SE06,Vendor_1,SAFETY CLOTHING,1.000,1.46,MRP_Auto
4502537196-10,E-USER,SE03,Vendor_1,"HANDTOOL,MACHINE",48.000,4.10,Order with contract reference
4502537200-110,USER 141,SE03,Vendor_14,"SWITCH,CONTACTOR",2.000,22.93,Order with contract reference
4502537281-70,USER 23,SE06,Vendor_14,"SWITCH,CONTACTOR",3.000,21.93,MRP_SemiAuto
4502537395-30,USER 23,SE06,Vendor_1,SAFETY CLOTHING,10.000,14.88,"Direct purchases, no req"
4502537477-10,USER 12,SE19,Vendor_17,"HANDTOOL,MACHINE",1.000,277.93,MRP_SemiAuto
4502537587-30,USER 12,SE19,Vendor_6,MACHINE ROLL,2.000,548.00,MRP_SemiAuto
4502537727-60,E-USER,DE71,Vendor_19,"HANDTOOL,MACHINE",2.000,110.32,Order with contract reference
4502537727-110,E-USER,DE71,Vendor_19,"HANDTOOL,MACHINE",1.000,6.28,Order with contract reference
4502537836-160,E-USER,SE06,Vendor_1,PROTECTIVE EQUIPMENT,5.000,7.48,MRP_Auto
4502537913-50,USER 433,SE01,Vendor_1,HOIST EQUIPMENT,4.000,4.79,MRP_SemiAuto
4502538036-30,E-USER,DE01,Vendor_18,"SWITCH,CONTACTOR",1.000,42.83,eCatalogue
4502538185-20,USER 319,SE06,Vendor_2,"OFFICE MACHINE,EQUIP",2.000,71.66,Free text based order
4502538531-20,E-USER,SE06,Vendor_1,"MEASURING,ADJUSTMENT",1.000,341.81,MRP_Auto
4502538531-200,E-USER,SE06,Vendor_1,SAFETY CLOTHING,1.000,92.81,MRP_Auto
4502538531-270,E-USER,SE06,Vendor_1,SAFETY CLOTHING,1.000,116.41,MRP_Auto
4502538531-280,E-USER,SE06,Vendor_1,"SCREW,NUT,WASHER",100.000,0.11,MRP_Auto
4502538531-330,E-USER,SE06,Vendor_1,"HANDTOOL,MACHINE",30.000,1.35,MRP_Auto
4502539745-20,USER 433,SE01,Vendor_6,"ACCUMULATOR,PART",1.000,1200.00,"Direct purchases, no req"
4502539993-190,USER 141,SE03,Vendor_1,OTHER MAINTENANCE,4.000,6.00,MRP_SemiAuto
4502539993-240,USER 141,SE03,Vendor_1,"SCREW,NUT,WASHER",600.000,0.01,MRP_SemiAuto
4502539993-250,USER 141,SE03,Vendor_1,"HANDTOOL,MACHINE",1.000,2.76,MRP_SemiAuto
4502540058-10,USER 177,SE19,Vendor_1,"HANDTOOL,MACHINE",25.000,3.52,MRP_SemiAuto
4502540058-60,USER 177,SE19,Vendor_1,"CABLE,LEAD",10.000,1.48,Order with contract reference
4502540176-20,USER 433,SE01,Vendor_6,OTHER PROCESS MACHIN,2.000,199.00,MRP_SemiAuto
4502540191-10,USER 53,SE06,Vendor_6,BLADE CHOPPING/REFIN,2.000,19250.08,MRP_SemiAuto
4502540191-30,USER 53,SE06,Vendor_6,"SCREW,NUT,WASHER",108.000,1.50,MRP_SemiAuto
4502541576-120,USER 141,SE03,Vendor_1,"HANDTOOL,MACHINE",1.000,5.19,MRP_SemiAuto
4502542083-30,E-USER,SE04,Vendor_2,"OFFICE MACHINE,EQUIP",1.000,15.42,eCatalogue
4502542083-90,E-USER,SE04,Vendor_2,"OFFICE MACHINE,EQUIP",1.000,208.42,eCatalogue
4502542943-10,E-USER,DE52,Vendor_18,"SWITCH,CONTACTOR",25.000,15.89,eCatalogue
4502543332-30,USER 482,SE04,Vendor_16,"PRINT PRODUCT,BOOK",10.000,0.87,MRP_SemiAuto
4502543444-10,USER 433,SE01,Vendor_1,"CABLE,LEAD",20.000,3.75,MRP_SemiAuto
4502543446-30,USER 433,SE01,Vendor_1,OTHER SEAL,6.000,24.98,MRP_SemiAuto
4502543446-90,USER 433,SE01,Vendor_1,"SCREW,NUT,WASHER",100.000,0.51,MRP_SemiAuto
4502543446-110,USER 433,SE01,Vendor_1,SAFETY CLOTHING,1.000,104.49,MRP_SemiAuto
4502544109-20,USER 225,SE03,Vendor_1,"PIPE,PIPE COMPONENT",1.000,14.20,Free text based order
4502544133-30,USER 12,SE19,Vendor_6,OTHER TECNICAL PART,4.000,197.01,MRP_SemiAuto
4502545014-50,E-USER,SE04,Vendor_14,"LAMP,FITTING,OTHER",20.000,5.61,eCatalogue
4502545099-60,USER 433,SE01,Vendor_1,HOIST EQUIPMENT,4.000,3.43,MRP_SemiAuto
4502545182-70,E-USER,DE71,Vendor_19,"HANDTOOL,MACHINE",2.000,1.82,Order with contract reference
4502545439-20,USER 499,DE71,Vendor_18,"CABLE,LEAD",200.000,7.79,Order with contract reference
4502545673-20,USER 141,SE03,Vendor_1,PROTECTOR,450.000,3.68,Order with contract reference
4502545673-200,USER 141,SE03,Vendor_1,PROTECTOR,20.000,4.42,MRP_SemiAuto
4502545890-30,E-USER,SE19,Vendor_2,"IT ADP-EQUIPMENT,DEV",5.000,143.77,eCatalogue
4502546030-10,USER 511,SE01,Vendor_12,"MAINTENANCE, GENERAL",1.000,822.92,Order with contract reference
4502546140-90,USER 433,SE01,Vendor_1,"HANDTOOL,MACHINE",5.000,3.85,MRP_SemiAuto
4502546141-30,USER 433,SE01,Vendor_1,"SWITCH,CONTACTOR",1.000,34.89,MRP_SemiAuto
4502546405-10,USER 482,SE04,Vendor_1,"WELD,SOLDER",5.600,25.69,MRP_SemiAuto
4502546419-120,USER 14,SE15,Vendor_14,"CABLE,LEAD",3.000,10.47,MRP_SemiAuto
4502546571-60,USER 442,SE01,Vendor_1,"HANDTOOL,MACHINE",2.000,3.87,MRP_SemiAuto
4502547215-80,USER 12,SE19,Vendor_1,"PIPE,PIPE COMPONENT",5.000,7.46,MRP_SemiAuto
4502547323-150,USER 446,1926,Vendor_6,DOCTOR BLADE,200.000,211.00,Free text based order
4502547323-260,USER 446,1926,Vendor_6,DOCTOR BLADE,2.000,280.40,Free text based order
4502547419-10,USER 164,1225,Vendor_6,"PULP,BULK, DRYERS",1.000,1250.37,Order with contract reference
4502547873-20,USER 510,X92J,Vendor_1,PNEUMATIC CYLINDER,5.000,16.16,Free text based order
4502547936-10,USER 142,SE04,Vendor_14,"LAMP,FITTING,OTHER",1.000,72.21,Free text based order
4502548015-40,E-USER,SE04,Vendor_14,"CABLE,LEAD",1.000,138.44,eCatalogue
4502548649-20,USER 23,SE06,Vendor_14,"SWITCH,CONTACTOR",3.000,41.59,MRP_SemiAuto
4502548719-10,USER 456,X71J,Vendor_1,HOUSEHOLD THINGS,50.000,113.82,MRP_SemiAuto
4502549007-10,USER 195,DE52,Vendor_18,"LAMP,FITTING,OTHER",12.000,40.66,MRP_SemiAuto
4502550226-40,USER 141,SE03,Vendor_1,TOOLING EQUIPMENT,20.000,3.31,MRP_SemiAuto
4502550516-60,USER 12,SE19,Vendor_1,"HANDTOOL,MACHINE",200.000,3.77,MRP_SemiAuto
4502550662-70,USER 510,1822,Vendor_1,"HANDTOOL,MACHINE",2.000,29.68,Free text based order
4502550721-10,USER 206,1515,Vendor_6,EXPERT SUPPORT,1.000,10500.00,Free text based order
4502550820-50,E-USER,SE06,Vendor_14,"CABLE,LEAD",40.000,0.91,MRP_Auto
4502550821-20,E-USER,SE06,Vendor_1,PROTECTOR,100.000,3.67,MRP_Auto
4502550821-30,E-USER,SE06,Vendor_1,PROTECTOR,2.000,4.42,MRP_Auto
4502551763-10,USER 243,SE15,Vendor_15,CRANE,1.000,1190.17,MRP_SemiAuto
4502551913-40,USER 141,SE03,Vendor_14,"CABLE,LEAD",500.000,1.90,MRP_SemiAuto
4502552091-60,USER 433,SE01,Vendor_1,"WELD,SOLDER",1.000,6.80,MRP_SemiAuto
4502552560-40,USER 177,SE19,Vendor_1,"HOSE,HOSE COMPONENT",15.000,0.70,MRP_SemiAuto
4502552657-50,USER 433,SE01,Vendor_1,SAFETY CLOTHING,1.000,101.67,MRP_SemiAuto
4502552854-30,USER 224,SE07,Vendor_1,BUILDING MATERIAL,10.000,0.69,MRP_SemiAuto
4502553781-10,E-USER,SE03,Vendor_1,"HANDTOOL,MACHINE",2.000,65.14,eCatalogue
4502554038-70,USER 141,SE03,Vendor_1,"HANDTOOL,MACHINE",1.000,15.77,MRP_SemiAuto
4502554055-10,USER 177,SE19,Vendor_1,"HANDTOOL,MACHINE",1.000,5.47,MRP_SemiAuto
4502554055-30,USER 177,SE19,Vendor_1,"PAINT,GLUE",10.000,2.07,MRP_SemiAuto
4502554333-30,USER 194,DE71,Vendor_19,TOOLING EQUIPMENT,2.000,4.45,Order with contract reference
4502554747-20,USER 420,1441,Vendor_1,PAPER PRODUCT,2000.000,39.45,MRP_SemiAuto
4502555254-70,USER 433,SE01,Vendor_1,"HOSE,HOSE COMPONENT",30.000,1.69,MRP_SemiAuto
4502556414-130,E-USER,SE06,Vendor_1,"HANDTOOL,MACHINE",6.000,7.99,MRP_Auto
4502557061-140,USER 141,SE03,Vendor_1,PROTECTOR,20.000,4.89,MRP_SemiAuto
4502557061-150,USER 141,SE03,Vendor_1,"HOSE,HOSE COMPONENT",100.000,0.50,MRP_SemiAuto
4502557110-40,USER 177,SE19,Vendor_1,OTHER TECNICAL PART,10.000,0.82,MRP_SemiAuto
4502557432-10,USER 140,SE04,Vendor_6,"SCREW,NUT,WASHER",8.000,11.33,Free text based order
4502557432-100,USER 140,SE04,Vendor_6,BEARING EQUIPMENT,2.000,14.70,Free text based order
4502557432-130,USER 140,SE04,Vendor_6,BEARING EQUIPMENT,2.000,251.34,Free text based order
4502557581-120,USER 154,X22J,Vendor_1,"HANDTOOL,MACHINE",1.000,63.32,Free text based order
4502557816-40,USER 433,SE01,Vendor_1,"PIPE,PIPE COMPONENT",10.000,7.33,MRP_SemiAuto
4502557888-20,USER 433,SE01,Vendor_1,"SWITCH,CONTACTOR",1.000,13.66,MRP_SemiAuto
4502557888-30,USER 433,SE01,Vendor_1,"TRANSFORMER,INVERTER",1.000,4870.34,MRP_SemiAuto
4502558124-10,USER 270,DE71,Vendor_18,"SWITCH,CONTACTOR",2.000,8.05,Order with contract reference
4502558714-10,USER 41,SE04,Vendor_1,"LAMP,FITTING,OTHER",12.000,21.78,MRP_SemiAuto
4502558854-40,E-USER,SE06,Vendor_1,SAFETY CLOTHING,1.000,111.08,MRP_Auto
4502558859-220,USER 141,SE03,Vendor_1,"HANDTOOL,MACHINE",20.000,2.52,Order with contract reference
4502558859-250,USER 141,SE03,Vendor_1,"PIPE,PIPE COMPONENT",2.000,10.77,Order with contract reference
4502558904-10,USER 322,1916,Vendor_6,ROLL COATING SERVICE,1.000,18900.00,Free text based order
4502559262-10,USER 319,SE06,Vendor_1,PROTECTOR,1.000,249.09,Free text based order
4502560170-110,E-USER,SE06,Vendor_1,"SCREW,NUT,WASHER",50.000,0.05,MRP_Auto
4502560170-250,E-USER,SE06,Vendor_1,"SCREW,NUT,WASHER",100.000,0.31,MRP_Auto
4502560170-360,E-USER,SE06,Vendor_1,"HANDTOOL,MACHINE",20.000,1.04,MRP_Auto
4502560254-10,USER 433,SE01,Vendor_1,"PIPE,PIPE COMPONENT",5.000,1.19,MRP_SemiAuto
4502560254-100,USER 433,SE01,Vendor_1,OTHER FASTENER,5.000,1.04,MRP_SemiAuto
4502560255-20,USER 433,SE01,Vendor_1,PLATE,2.000,177.68,MRP_SemiAuto
4502560703-10,USER 243,SE15,Vendor_6,"MEASURING,ADJUSTMENT",1.000,2431.10,MRP_SemiAuto
4502560758-20,E-USER,SE03,Vendor_1,PROTECTOR,10.000,0.00,MRP_Auto
4502561459-10,USER 486,1916,Vendor_6,"PULP,BULK, DRYERS",4.000,158.40,Order with contract reference
4502562351-20,USER 458,SE03,Vendor_1,"LAMP,FITTING,OTHER",20.000,22.68,MRP_SemiAuto
4502562904-80,E-USER,DE01,Vendor_18,"CABLE,LEAD",100.000,6.04,Order with contract reference
4502563074-30,USER 442,SE01,Vendor_1,"PIPE,PIPE COMPONENT",2.000,6.35,MRP_SemiAuto
4502563217-40,E-USER,SE07,Vendor_1,"HANDTOOL,MACHINE",1.000,5.95,MRP_Auto
4502563602-80,USER 12,SE19,Vendor_1,"CABLE,LEAD",10.000,0.61,Order with contract reference
4502564331-40,E-USER,SE06,Vendor_14,"LAMP,FITTING,OTHER",10.000,3.55,MRP_Auto
4502564332-70,E-USER,SE06,Vendor_1,"PIPE,PIPE COMPONENT",2.000,13.34,MRP_Auto
4502564456-20,USER 442,SE01,Vendor_1,"HANDTOOL,MACHINE",1.000,10.34,MRP_SemiAuto
4502564502-110,USER 458,SE03,Vendor_1,PLANE SEAL,10.000,4.47,MRP_SemiAuto
4502564502-120,USER 458,SE03,Vendor_1,PLATE,80.000,4.15,MRP_SemiAuto
4502565300-10,USER 265,X72A,Vendor_1,PLANE SEAL,40.000,3.01,Free text based order
4502565963-60,USER 14,SE15,Vendor_14,"LAMP,FITTING,OTHER",100.000,2.21,MRP_SemiAuto
4502566379-10,USER 5,1515,Vendor_6,FINISHING,2.000,3127.41,Order with contract reference
4502566380-70,USER 270,DE71,Vendor_19,"HANDTOOL,MACHINE",1.000,135.50,Free text based order
4502566490-10,USER 482,SE04,Vendor_14,"SWITCH,CONTACTOR",6.000,12.08,MRP_SemiAuto
4502566490-100,USER 482,SE04,Vendor_14,"ALARM,CONTROL",1.000,177.47,MRP_SemiAuto
4502566509-10,USER 442,SE01,Vendor_1,"CABLE,LEAD",100.000,0.22,MRP_SemiAuto
4502566509-30,USER 442,SE01,Vendor_1,"CABLE,LEAD",100.000,0.07,MRP_SemiAuto
4502566736-10,USER 511,SE01,Vendor_12,SCAFFOLDING SERVICE,1.000,732.50,Service
4502566824-30,E-USER,SE03,Vendor_1,"HANDTOOL,MACHINE",1.000,2.20,Order with contract reference
4502566895-140,USER 12,SE19,Vendor_1,"HANDTOOL,MACHINE",2.000,23.59,MRP_SemiAuto
4502567631-30,E-USER,SE06,Vendor_1,SAFETY CLOTHING,1.000,94.26,MRP_Auto
4502567679-80,USER 458,SE03,Vendor_1,HOIST EQUIPMENT,10.000,8.27,MRP_SemiAuto
4502567711-40,USER 12,SE19,Vendor_6,OTHER PROD. MATERIAL,2.000,480.00,MRP_SemiAuto
4502567748-10,USER 442,SE01,Vendor_6,"SIEVE,SCREEN",1.000,343.53,MRP_SemiAuto
4502569505-150,E-USER,DE71,Vendor_19,"HANDTOOL,MACHINE",2.000,12.64,Order with contract reference
4502570458-30,E-USER,SE06,Vendor_1,"HANDTOOL,MACHINE",50.000,2.36,MRP_Auto
4502570655-20,USER 12,SE19,Vendor_6,PLANE SEAL,4.000,44.55,MRP_SemiAuto
4502570655-30,USER 12,SE19,Vendor_6,PLANE SEAL,1.000,44.55,MRP_SemiAuto
4502570655-90,USER 12,SE19,Vendor_6,PNEUMATIC CYLINDER,1.000,745.00,Order with contract reference
4502572474-20,USER 433,SE01,Vendor_1,"CONTROL SYSTEM,ADP",2.000,149.47,MRP_SemiAuto
4502573079-20,USER 12,SE19,Vendor_6,SEAL KIT,2.000,327.69,MRP_SemiAuto
4502573353-60,USER 141,SE03,Vendor_1,"SCREW,NUT,WASHER",200.000,0.01,MRP_SemiAuto
4502574386-20,E-USER,DE01,Vendor_18,"CABLE,LEAD",2.000,11.48,eCatalogue
4502574523-70,USER 141,SE03,Vendor_1,PROTECTOR,10.000,8.99,MRP_SemiAuto
4502574600-20,USER 177,SE19,Vendor_1,OTHER TECNICAL PART,1.000,54.76,MRP_SemiAuto
4502574658-30,USER 482,SE04,Vendor_14,"CABLE,LEAD",2.000,13.59,MRP_SemiAuto
4502574748-80,USER 183,WS01,Vendor_7,CAR LEASING,1.000,7147.28,Framework order
4502574817-80,USER 12,SE19,Vendor_1,"HANDTOOL,MACHINE",10.000,0.38,MRP_SemiAuto
4502574825-20,USER 49,DE01,Vendor_19,"HANDTOOL,MACHINE",2.000,60.59,Free text based order
4502575131-50,USER 295,SE03,Vendor_1,"POPPET,PORTVALVE",1.000,177.97,Free text based order
4502575364-40,USER 53,SE06,Vendor_6,"HOSE,HOSE COMPONENT",1.000,960.30,MRP_SemiAuto
4502576285-10,E-USER,DE71,Vendor_18,"CABLE,LEAD",10.000,13.33,Order with contract reference
4502576285-20,E-USER,DE71,Vendor_18,"CABLE,LEAD",10.000,13.33,Order with contract reference
4502576285-30,E-USER,DE71,Vendor_18,"CABLE,LEAD",10.000,13.33,Order with contract reference
4502576418-30,USER 23,SE07,Vendor_14,"CABLE,LEAD",5.000,0.61,MRP_SemiAuto
4502576658-80,USER 225,SE03,Vendor_1,CLEANING EQUIPMENT,1.000,13.74,Free text based order
4502578068-30,USER 183,WS01,Vendor_7,MOTOR VEHICLE INSUR.,1.000,1572.94,Framework order
4502578201-90,E-USER,DE71,Vendor_19,"HANDTOOL,MACHINE",5.000,6.04,Order with contract reference
4502578733-30,USER 511,SE01,Vendor_1,"STOCK EQUIP,CONTAIN.",1.000,1725.20,Free text based order
4502578798-10,USER 164,X92J,Vendor_1,LUBRICATION UTENSIL,12.000,10.81,Free text based order
4502579064-60,E-USER,SE04,Vendor_2,"IT ADP-EQUIPMENT,DEV",5.000,19.68,eCatalogue
4502579114-20,USER 194,DE71,Vendor_19,"HANDTOOL,MACHINE",1.000,3.56,Order with contract reference
4502579157-80,USER 482,SE04,Vendor_14,"SWITCH,CONTACTOR",2.000,11.55,MRP_SemiAuto
4502579405-30,USER 243,SE15,Vendor_6,"PM,BM,COATING",1.000,231.66,MRP_SemiAuto
4502579405-50,USER 243,SE15,Vendor_6,"PM,BM,COATING",5.000,6.93,MRP_SemiAuto
4502579610-10,USER 433,SE01,Vendor_1,"SCREW,NUT,WASHER",200.000,0.03,MRP_SemiAuto
4502579816-60,USER 141,SE03,Vendor_14,"LAMP,FITTING,OTHER",2.000,4.02,MRP_SemiAuto
4502580396-40,E-USER,SE04,Vendor_2,"OFFICE MACHINE,EQUIP",3.000,21.72,eCatalogue
4502580407-40,E-USER,SE06,Vendor_1,"PIPE,PIPE COMPONENT",6.000,35.19,MRP_Auto
4502580467-40,USER 433,SE01,Vendor_1,"SCREW,NUT,WASHER",20.000,6.49,"Direct purchases, no req"
4502580549-40,USER 482,SE04,Vendor_1,"PIPE,PIPE COMPONENT",10.000,3.62,MRP_SemiAuto
4502580620-10,USER 14,SE15,Vendor_15,LIFTER,1.000,2395.58,MRP_SemiAuto
4502580746-10,USER 433,SE01,Vendor_1,"LAMP,FITTING,OTHER",40.000,2.74,MRP_SemiAuto
4502581670-120,E-USER,SE06,Vendor_1,"SCREW,NUT,WASHER",10.000,0.03,MRP_Auto
4502581990-30,USER 500,SE06,Vendor_2,QCS SERVICE,1.000,16.69,Free text based order
4502582025-30,USER 322,1515,Vendor_6,"HOSE,HOSE COMPONENT",2.000,790.00,Order with contract reference
4502582156-10,USER 511,SE01,Vendor_12,"MAINTENANCE, GENERAL",1.000,734.81,Order with contract reference
4502582171-80,USER 411,SE11,Vendor_1,"CABLE,LEAD",3.000,17.68,Free text based order
4502582231-60,USER 194,DE71,Vendor_19,"HANDTOOL,MACHINE",2.000,33.67,Order with contract reference
4502582352-60,USER 433,SE01,Vendor_6,JET,1.000,1570.36,MRP_SemiAuto
4502582741-10,USER 482,SE04,Vendor_16,OTHER VARIOUS ITEMS,10.000,0.17,MRP_SemiAuto
4502582904-10,USER 140,SE04,Vendor_1,"HANDTOOL,MACHINE",1.000,725.98,Free text based order
4502582922-10,USER 194,DE71,Vendor_6,COUPLING,1.000,3600.00,Order with contract reference
4502583053-40,E-USER,SE06,Vendor_14,"CABLE,LEAD",100.000,3.69,MRP_Auto
4502583058-10,E-USER,SE06,Vendor_1,"PIPE,PIPE COMPONENT",1.000,54.99,MRP_Auto
4502583063-40,E-USER,SE03,Vendor_1,"WELD,SOLDER",12.900,16.88,Order with contract reference
4502583291-60,USER 12,SE19,Vendor_1,PROTECTOR,20.000,4.79,MRP_SemiAuto
4502583893-80,USER 141,SE03,Vendor_1,"SCREW,NUT,WASHER",500.000,0.02,MRP_SemiAuto
4502583991-10,USER 14,SE15,Vendor_14,"CABLE,LEAD",10.000,43.82,MRP_SemiAuto
4502583991-30,USER 14,SE15,Vendor_14,"CABLE,LEAD",1.000,140.80,MRP_SemiAuto
4502585364-20,USER 433,SE01,Vendor_17,"MEASURING,ADJUSTMENT",1.000,0.00,"Direct purchases, no req"
4502585701-10,USER 411,SE11,Vendor_1,"LAMP,FITTING,OTHER",1.000,145.42,Free text based order
4502585715-10,E-USER,DE71,Vendor_18,"CABLE,LEAD",500.000,71.15,Order with contract reference
4502585715-50,E-USER,DE71,Vendor_18,"CABLE,LEAD",100.000,6.97,Order with contract reference
4502585715-60,E-USER,DE71,Vendor_18,"CABLE,LEAD",10.000,42.38,Order with contract reference
4502586283-10,E-USER,DE01,Vendor_18,"SWITCH,CONTACTOR",10.000,5.02,Order with contract reference
4502587040-20,USER 433,SE01,Vendor_17,"MEASURING,ADJUSTMENT",1.000,1910.00,MRP_SemiAuto
4502587043-20,E-USER,SE01,Vendor_1,"HANDTOOL,MACHINE",1.000,112.76,eCatalogue
4502587064-70,USER 433,SE01,Vendor_1,BALLVALVE,1.000,828.74,MRP_SemiAuto
4502587623-30,USER 14,SE15,Vendor_2,"IT ADP-EQUIPMENT,DEV",1.000,84.61,MRP_SemiAuto
4502587939-10,USER 488,1435,Vendor_1,PNEUMATIC EQUIPMENT,3.000,26.09,"Direct purchases, no req"
4502587985-10,USER 348,BE91,Vendor_6,PNEUMATIC EQUIPMENT,1.000,303.00,MRP_Auto
4502589145-40,E-USER,SE06,Vendor_1,SAFETY CLOTHING,10.000,14.82,MRP_Auto
4502589424-30,USER 482,SE04,Vendor_14,OTHER TECNICAL PART,20.000,2.75,MRP_SemiAuto
4502589701-10,USER 319,SE07,Vendor_17,"IT ADP-EQUIPMENT,DEV",1.000,369.66,Free text based order
4502589912-10,USER 290,X91J,Vendor_6,"MACHINE,EQUIP.FIXING",1.000,48900.00,Free text based order
4502589978-70,USER 518,SE10,Vendor_1,MAINTENANCE CHEMICAL,2.000,7.57,MRP_SemiAuto
4502590156-110,USER 12,SE19,Vendor_1,HOIST EQUIPMENT,2.000,25.13,MRP_SemiAuto
4502590547-70,USER 420,1441,Vendor_1,PAPER PRODUCT,2000.000,45.60,"Direct purchases, no req"
4502590680-20,USER 433,SE01,Vendor_14,"CABLE,LEAD",1000.000,0.01,MRP_SemiAuto
4502590723-10,USER 511,SE01,Vendor_12,"MAINTENANCE, GENERAL",1.000,839.23,Order with contract reference
4502590952-20,USER 433,SE01,Vendor_1,"SCREW,NUT,WASHER",50.000,0.42,MRP_SemiAuto
4502591076-70,USER 167,SE12,Vendor_1,SAFETY CLOTHING,12.000,2.18,Free text based order
4502591111-10,USER 442,SE01,Vendor_1,"WELD,SOLDER",25.200,7.97,"Direct purchases, no req"
4502591111-70,USER 442,SE01,Vendor_1,"WELD,SOLDER",12.600,27.56,"Direct purchases, no req"
4502591111-100,USER 442,SE01,Vendor_1,"WELD,SOLDER",5.400,23.87,"Direct purchases, no req"
4502591111-110,USER 442,SE01,Vendor_1,"WELD,SOLDER",8.480,16.11,"Direct purchases, no req"
4502591289-40,USER 482,SE04,Vendor_14,"SWITCH,CONTACTOR",20.000,0.00,Order with contract reference
4502591674-10,USER 319,SE06,Vendor_14,"HANDTOOL,MACHINE",2.000,20.95,Free text based order
4502592520-50,E-USER,SE04,Vendor_1,"SWITCH,CONTACTOR",1.000,104.85,eCatalogue
4502593418-60,USER 141,SE03,Vendor_1,BALLVALVE,5.000,13.88,MRP_SemiAuto
4502593808-20,USER 270,DE71,Vendor_18,"CABLE,LEAD",5.000,6.84,Order with contract reference
4502594707-10,USER 225,SE03,Vendor_15,MAINT.SERVICE&REPAIR,1.000,969.27,Free text based order
4502595339-70,USER 433,SE01,Vendor_1,"HANDTOOL,MACHINE",5.000,4.70,MRP_SemiAuto
4502596049-10,USER 53,SE06,Vendor_6,OTHER TECNICAL PART,1.000,323.73,MRP_SemiAuto
4502596111-20,E-USER,SE06,Vendor_1,SAFETY CLOTHING,1.000,95.11,MRP_Auto
4502596189-50,USER 14,SE15,Vendor_14,"LAMP,FITTING,OTHER",10.000,3.91,MRP_SemiAuto
4502596322-40,USER 433,SE01,Vendor_1,OTHER MAINTENANCE,5.000,3.74,MRP_SemiAuto
4502596515-240,USER 290,1916,Vendor_6,OTHER TECNICAL PART,1.000,427.77,Free text based order
4502596970-10,USER 12,SE19,Vendor_6,OTHER TECNICAL PART,1.000,291.06,MRP_SemiAuto
4502596989-60,USER 12,SE19,Vendor_6,SEAL KIT,1.000,148.50,MRP_SemiAuto
4502597007-120,USER 433,SE01,Vendor_1,MERCHANT BAR,65.000,8.15,MRP_SemiAuto
4502597567-10,USER 433,SE01,Vendor_1,"HANDTOOL,MACHINE",1.000,9.35,MRP_SemiAuto
4502597840-10,USER 53,SE06,Vendor_17,"MEASURING,ADJUSTMENT",3.000,890.00,MRP_SemiAuto
4502597888-20,USER 206,X91J,Vendor_1,"WELD,SOLDER",12.000,12.60,Free text based order
4502598016-10,E-USER,SE06,Vendor_1,PROTECTIVE EQUIPMENT,2.000,4.69,MRP_Auto
4502598016-100,E-USER,SE06,Vendor_1,"PIPE,PIPE COMPONENT",3.000,6.89,MRP_Auto
4502598251-40,USER 482,SE04,Vendor_1,MERCHANT BAR,10.000,3.30,MRP_SemiAuto
4502598746-20,E-USER,SE06,Vendor_1,"SCREW,NUT,WASHER",500.000,0.02,MRP_Auto
4502598746-30,E-USER,SE06,Vendor_1,HOIST EQUIPMENT,6.000,25.14,MRP_Auto
4502598832-30,USER 482,SE04,Vendor_1,"PIPE,PIPE COMPONENT",6.000,84.93,MRP_SemiAuto
4502598923-190,USER 458,SE03,Vendor_1,"PIPE,PIPE COMPONENT",15.000,1.05,MRP_SemiAuto
4502598923-240,USER 458,SE03,Vendor_1,"HANDTOOL,MACHINE",1.000,22.24,MRP_SemiAuto
4502598986-50,USER 12,SE19,Vendor_1,"CABLE,LEAD",1.000,51.02,MRP_SemiAuto
4502599216-50,USER 194,DE71,Vendor_19,"HANDTOOL,MACHINE",2.000,3.60,Order with contract reference
4502599676-10,E-USER,DE71,Vendor_19,TOOLING EQUIPMENT,1.000,55.14,Order with contract reference
4502599676-50,E-USER,DE71,Vendor_19,"HANDTOOL,MACHINE",2.000,43.42,Order with contract reference
4502599832-140,USER 53,SE06,Vendor_6,"SWITCH,CONTACTOR",1.000,88.17,MRP_SemiAuto
4502599832-150,USER 53,SE06,Vendor_6,"FUSE,BOX,CENTER",1.000,53.31,MRP_SemiAuto
4502600037-10,USER 411,SE11,Vendor_2,OTHER VARIOUS ITEMS,1.000,186.67,MRP_SemiAuto
4502600037-60,USER 411,SE11,Vendor_2,OTHER VARIOUS ITEMS,1.000,16.03,MRP_SemiAuto
4502600208-20,USER 290,1916,Vendor_6,FINISHING,4.000,1540.00,Order with contract reference
4502600270-20,USER 53,SE06,Vendor_17,"CONTROL SYSTEM,ADP",1.000,812.65,MRP_SemiAuto
4502600315-20,E-USER,SE06,Vendor_1,"HANDTOOL,MACHINE",10.000,2.95,MRP_Auto
4502600315-30,E-USER,SE06,Vendor_1,"HANDTOOL,MACHINE",10.000,3.41,MRP_Auto
4502600315-90,E-USER,SE06,Vendor_1,SAFETY CLOTHING,24.000,3.29,MRP_Auto
4502601179-20,USER 14,SE15,Vendor_14,"FUSE,BOX,CENTER",3.000,17.69,MRP_SemiAuto
4502601228-70,E-USER,DE01,Vendor_18,"LAMP,FITTING,OTHER",5.000,26.30,Order with contract reference
4502601368-10,E-USER,X82J,Vendor_1,PROTECTOR,1.000,102.00,eCatalogue
4502601854-20,E-USER,DE01,Vendor_6,FINISHING,4.000,769.00,Order with contract reference
4502602163-20,USER 518,SE10,Vendor_1,PROTECTOR,100.000,2.01,MRP_SemiAuto
4502602367-180,E-USER,SE06,Vendor_1,"HANDTOOL,MACHINE",20.000,1.03,MRP_Auto
4502602520-30,USER 482,SE04,Vendor_14,"ALARM,CONTROL",1.000,285.18,MRP_SemiAuto
4502602561-30,E-USER,DE01,Vendor_18,"LAMP,FITTING,OTHER",20.000,1.79,Order with contract reference
4502602613-70,USER 12,SE19,Vendor_1,OTHER SEAL,200.000,0.55,MRP_SemiAuto
4502602636-60,USER 270,DE71,Vendor_18,"CABLE,LEAD",5.000,0.01,Order with contract reference
4502602708-90,USER 433,SE01,Vendor_1,"SCREW,NUT,WASHER",10.000,8.69,MRP_SemiAuto
4502602715-60,USER 433,SE01,Vendor_1,"PIPE,PIPE COMPONENT",2.000,1.04,MRP_SemiAuto
4502603096-220,USER 141,SE03,Vendor_1,PLATE,160.000,3.75,MRP_SemiAuto
4502603186-80,USER 482,SE04,Vendor_14,OTHER TECNICAL PART,25.000,22.37,MRP_SemiAuto
4502603376-50,USER 318,SE10,Vendor_1,PROTECTOR,2.000,14.97,MRP_SemiAuto
4502603793-20,USER 482,SE04,Vendor_1,"PAINT,GLUE",2.000,30.02,MRP_SemiAuto
4502604053-40,USER 433,SE01,Vendor_1,"SCREW,NUT,WASHER",50.000,0.42,MRP_SemiAuto
4502604056-70,USER 433,SE01,Vendor_1,"PAINT,GLUE",6.000,33.70,MRP_SemiAuto
4502604060-120,USER 433,SE01,Vendor_1,"SCREW,NUT,WASHER",10.000,8.65,MRP_SemiAuto
4502604066-80,USER 433,SE01,Vendor_1,"SCREW,NUT,WASHER",500.000,0.04,MRP_SemiAuto
4502604101-50,USER 12,SE19,Vendor_1,"HANDTOOL,MACHINE",10.000,2.35,MRP_SemiAuto
4502604187-170,USER 12,SE19,Vendor_1,OTHER TECNICAL PART,1.000,19.90,"Direct purchases, no req"
4502604569-50,E-USER,SE06,Vendor_14,"LAMP,FITTING,OTHER",15.000,3.91,MRP_Auto
4502604569-60,E-USER,SE06,Vendor_14,"LAMP,FITTING,OTHER",2.000,12.21,MRP_Auto
4502604574-70,E-USER,SE06,Vendor_1,SAFETY CLOTHING,1.000,105.77,MRP_Auto
4502604576-130,E-USER,SE03,Vendor_1,"SCREW,NUT,WASHER",100.000,0.07,MRP_Auto
4502604675-70,E-USER,SE15,Vendor_1,"LAMP,FITTING,OTHER",6.000,347.68,MRP_Auto
4502604838-40,USER 482,SE04,Vendor_1,"PIPE,PIPE COMPONENT",30.000,2.10,MRP_SemiAuto
4502604915-30,USER 14,SE15,Vendor_14,"IT ADP-EQUIPMENT,DEV",10.000,5.56,MRP_SemiAuto
4502604983-110,USER 433,SE01,Vendor_1,"HANDTOOL,MACHINE",1.000,9.14,MRP_SemiAuto
4502605351-20,USER 141,SE03,Vendor_14,"FUSE,BOX,CENTER",25.000,7.78,MRP_SemiAuto
4502605351-200,USER 141,SE03,Vendor_14,"SWITCH,CONTACTOR",1.000,9.67,MRP_SemiAuto
4502605351-250,USER 141,SE03,Vendor_14,"SWITCH,CONTACTOR",1.000,77.54,Order with contract reference
4502605351-260,USER 141,SE03,Vendor_14,"SWITCH,CONTACTOR",1.000,62.04,Order with contract reference
4502605673-30,USER 318,SE10,Vendor_1,"HANDTOOL,MACHINE",2.000,4.68,MRP_SemiAuto
4502606303-10,USER 433,SE01,Vendor_1,"HANDTOOL,MACHINE",1.000,41.90,MRP_SemiAuto
4502606702-10,USER 23,SE06,Vendor_14,"SWITCH,CONTACTOR",6.000,15.84,MRP_SemiAuto
4502606849-20,USER 25,SE15,Vendor_1,"HANDTOOL,MACHINE",1.000,33.33,Free text based order
4502607693-10,USER 496,1926,Vendor_1,"HANDTOOL,MACHINE",1.000,363.00,Free text based order
4502607851-10,USER 194,DE71,Vendor_19,"LAMP,FITTING,OTHER",5.000,22.01,Free text based order
4502608023-140,E-USER,SE06,Vendor_1,SAFETY CLOTHING,120.000,3.03,MRP_Auto
4502608023-150,E-USER,SE06,Vendor_1,"PIPE,PIPE COMPONENT",20.000,1.61,MRP_Auto
4502608026-120,E-USER,SE03,Vendor_1,HEALTH CARE,3.000,11.93,Order with contract reference
4502608030-310,USER 141,SE03,Vendor_1,"PIPE,PIPE COMPONENT",10.000,3.73,MRP_SemiAuto
4502608307-20,USER 53,SE06,Vendor_6,DOCTOR BLADE,20.000,0.00,MRP_SemiAuto
4502608686-20,USER 414,SE06,Vendor_14,"LAMP,FITTING,OTHER",6.000,16.76,Free text based order
4502608970-130,USER 23,SE06,Vendor_1,"SCREW,NUT,WASHER",300.000,0.02,"Direct purchases, no req"
4502609202-50,E-USER,SE06,Vendor_1,MERCHANT BAR,12.000,12.83,MRP_Auto
4502609349-60,USER 23,SE06,Vendor_1,SAFETY CLOTHING,120.000,3.02,"Direct purchases, no req"
4502609364-30,USER 241,SE19,Vendor_1,"LAMP,FITTING,OTHER",10.000,12.35,"Direct purchases, no req"
4502609377-70,USER 23,SE06,Vendor_1,"PIPE,PIPE COMPONENT",5.000,5.01,"Direct purchases, no req"
4502609421-50,USER 433,SE01,Vendor_1,"LAMP,FITTING,OTHER",2.000,33.83,MRP_SemiAuto
4502609733-20,USER 230,SE19,Vendor_2,"CABLE,LEAD",15.000,4.39,Free text based order
4502609782-50,E-USER,SE06,Vendor_1,SAFETY CLOTHING,1.000,92.75,MRP_Auto
4502609782-170,E-USER,SE06,Vendor_1,"PIPE,PIPE COMPONENT",2.000,0.55,MRP_Auto
4502609882-40,USER 482,SE04,Vendor_6,SEAL KIT,4.000,85.51,MRP_SemiAuto
4502610107-10,USER 511,SE01,Vendor_12,"MAINTENANCE, GENERAL",1.000,655.64,Service
4502610377-50,E-USER,SE06,Vendor_1,SAFETY CLOTHING,1.000,92.47,MRP_Auto
4502610542-20,USER 482,SE04,Vendor_16,CLEANER,2.000,1.20,MRP_SemiAuto
4502610567-40,USER 511,SE01,Vendor_17,"CONTROL SYSTEM,ADP",1.000,28560.00,Free text based order
4502610830-20,E-USER,SE01,Vendor_1,"HANDTOOL,MACHINE",1.000,203.75,eCatalogue
4502611468-20,USER 433,SE01,Vendor_1,"PIPE,PIPE COMPONENT",10.000,6.62,MRP_SemiAuto
4502612255-10,USER 142,SE04,Vendor_14,"LAMP,FITTING,OTHER",500.000,3.87,Free text based order
4502612394-10,USER 485,1435,Vendor_6,P-OTH SERV NOT MAINT,1.000,5800.00,Free text based order
4502613891-10,USER 183,WS01,Vendor_7,"A-VEHICLE/CAR, OTHER",1.000,7333.67,Framework order
4502613923-90,USER 433,SE01,Vendor_1,"PIPE,PIPE COMPONENT",5.000,11.42,MRP_SemiAuto
4502613924-80,USER 433,SE01,Vendor_1,SAFETY CLOTHING,1.000,110.16,MRP_SemiAuto
4502613924-110,USER 433,SE01,Vendor_1,SAFETY CLOTHING,1.000,110.16,MRP_SemiAuto
4502613937-50,USER 306,1441,Vendor_6,"MAINTENANCE, GENERAL",1.000,179000.00,Free text based order
4502614100-40,USER 318,SE10,Vendor_1,"HANDTOOL,MACHINE",1.000,36.01,Free text based order
4502614242-30,E-USER,SE06,Vendor_1,SAFETY CLOTHING,24.000,7.59,MRP_Auto
4502614247-30,E-USER,SE03,Vendor_1,"SCREW,NUT,WASHER",20.000,2.14,MRP_Auto
4502614262-110,USER 141,SE03,Vendor_14,"CABLE,LEAD",6.000,1.09,MRP_SemiAuto
4502614345-30,USER 14,SE15,Vendor_14,"MEASURING,ADJUSTMENT",20.000,18.68,MRP_SemiAuto
4502614350-10,USER 482,SE04,Vendor_1,TOOLING EQUIPMENT,1.000,48.66,MRP_SemiAuto
4502615095-20,USER 433,SE01,Vendor_1,CLEANER,20.000,2.62,MRP_SemiAuto
4502615097-40,USER 433,SE01,Vendor_1,SAFETY CLOTHING,1.000,104.55,MRP_SemiAuto
4502616281-40,USER 318,SE10,Vendor_1,OTHER MAINTENANCE,40.000,53.35,MRP_SemiAuto
4502616569-20,USER 519,X51J,Vendor_6,OTHER TECNICAL PART,1.000,6561.00,Free text based order
4502617193-40,E-USER,SE04,Vendor_1,"HANDTOOL,MACHINE",2.000,1.88,MRP_Auto
4502617198-50,E-USER,SE06,Vendor_1,SAFETY CLOTHING,1.000,86.52,MRP_Auto
4502617547-80,USER 41,SE04,Vendor_1,SAFETY CLOTHING,1.000,7.74,MRP_SemiAuto
4502617570-80,USER 433,SE01,Vendor_1,SAFETY CLOTHING,40.000,3.07,MRP_SemiAuto
4502618393-50,USER 12,SE19,Vendor_1,OTHER TECNICAL PART,36.000,0.60,MRP_SemiAuto
4502618704-220,E-USER,SE06,Vendor_1,SAFETY CLOTHING,1.000,91.02,MRP_Auto
4502618704-250,E-USER,SE06,Vendor_1,MAINTENANCE CHEMICAL,1.000,26.81,MRP_Auto
4502618808-20,USER 482,SE04,Vendor_14,"CABLE,LEAD",100.000,0.15,MRP_SemiAuto
4502619263-160,USER 433,SE01,Vendor_1,"SCREW,NUT,WASHER",25.000,0.74,MRP_SemiAuto
4502619665-50,USER 518,SE10,Vendor_2,OTHER VARIOUS ITEMS,4.000,22.98,MRP_SemiAuto
4502620247-130,USER 141,SE03,Vendor_1,"PIPE,PIPE COMPONENT",10.000,3.28,MRP_SemiAuto
4502620861-30,E-USER,SE06,Vendor_1,"SCREW,NUT,WASHER",150.000,0.34,MRP_Auto
4502621020-50,E-USER,SE04,Vendor_14,"FUSE,BOX,CENTER",1.000,3.15,eCatalogue
4502621186-10,E-USER,DE71,Vendor_19,TOOLING EQUIPMENT,10.000,0.53,Order with contract reference
4502621244-10,USER 482,SE04,Vendor_6,OTHER PROCESS MACHIN,4.000,297.64,MRP_SemiAuto
4502621342-60,USER 318,SE10,Vendor_1,SAFETY CLOTHING,1.000,88.57,MRP_SemiAuto
4502621638-40,E-USER,SE15,Vendor_1,"PIPE,PIPE COMPONENT",10.000,1.79,MRP_Auto
4502622088-20,USER 5,X91J,Vendor_1,PNEUMATIC EQUIPMENT,6.000,3.47,Free text based order
4502622446-150,USER 141,SE03,Vendor_1,PROTECTOR,20.000,4.10,MRP_SemiAuto
4502622651-120,USER 433,SE01,Vendor_1,SAFETY CLOTHING,1.000,108.34,MRP_SemiAuto
4502622705-10,USER 482,SE04,Vendor_6,OTHER TECNICAL PART,1.000,252.00,MRP_SemiAuto
4502624853-20,USER 12,SE19,Vendor_1,OTHER FASTENER,5.000,2.78,MRP_SemiAuto
4502625231-20,E-USER,SE03,Vendor_1,"SCREW,NUT,WASHER",200.000,0.19,Order with contract reference
4502625231-50,E-USER,SE03,Vendor_1,"REFINER,DEFIBRATOR",100.000,0.78,Order with contract reference
4502625231-70,E-USER,SE03,Vendor_1,HOIST EQUIPMENT,5.000,3.45,Order with contract reference
4502625237-240,USER 141,SE03,Vendor_14,"FUSE,BOX,CENTER",5.000,9.75,MRP_SemiAuto
4502625309-50,USER 12,SE19,Vendor_1,HOIST EQUIPMENT,2.000,24.05,MRP_SemiAuto
4502625393-60,USER 433,SE01,Vendor_1,"HANDTOOL,MACHINE",3.000,5.68,MRP_SemiAuto
4502625670-30,USER 33,DE81,Vendor_19,"EQUIPMENT,SPARE PART",1.000,4.92,Free text based order
4502625754-10,USER 295,SE03,Vendor_14,"SWITCH,CONTACTOR",2.000,26.33,Free text based order
4502625785-90,E-USER,SE06,Vendor_1,SAFETY CLOTHING,1.000,90.83,MRP_Auto
4502625796-110,USER 141,SE03,Vendor_1,BALLVALVE,5.000,37.49,MRP_SemiAuto
4502625796-130,USER 141,SE03,Vendor_1,HOIST EQUIPMENT,5.000,3.45,MRP_SemiAuto
4502625796-180,USER 141,SE03,Vendor_1,"HOSE,HOSE COMPONENT",4.000,2.74,MRP_SemiAuto
4502625924-20,USER 511,SE01,Vendor_14,"FUSE,BOX,CENTER",3.000,1479.23,Free text based order
4502625986-120,USER 433,SE01,Vendor_1,"PIPE,PIPE COMPONENT",4.000,28.29,MRP_SemiAuto
4502626245-10,USER 194,DE71,Vendor_6,FINISHING,40.000,89.10,Order with contract reference
4502626862-10,USER 142,SE04,Vendor_2,OTHER VARIOUS ITEMS,1.000,62.10,Free text based order
4502627008-180,USER 14,SE15,Vendor_14,"FUSE,BOX,CENTER",3.000,6.24,MRP_SemiAuto
4502627137-30,USER 499,DE71,Vendor_18,"SWITCH,CONTACTOR",2.000,119.32,Order with contract reference
4502627148-10,USER 33,DE81,Vendor_19,P-OTH SERV MAINT,12.000,3.96,Free text based order
4502627593-50,E-USER,SE06,Vendor_1,SAFETY CLOTHING,1.000,90.75,MRP_Auto
4502627648-50,USER 12,SE19,Vendor_1,"CABLE,LEAD",50.000,0.01,MRP_SemiAuto
4502628068-10,USER 414,SE07,Vendor_1,SAFETY CLOTHING,1.000,51.14,Free text based order
4502628189-10,E-USER,SE04,Vendor_1,"HANDTOOL,MACHINE",130.000,1.54,MRP_Auto
4502628281-10,E-USER,SE15,Vendor_1,"PIPE,PIPE COMPONENT",1.000,22.12,MRP_Auto
4502628281-50,E-USER,SE15,Vendor_1,"PIPE,PIPE COMPONENT",10.000,5.41,MRP_Auto
4502628281-100,E-USER,SE15,Vendor_1,BALLVALVE,1.000,15.25,MRP_Auto
4502628284-40,USER 12,SE19,Vendor_1,"HANDTOOL,MACHINE",6.000,26.58,Order with contract reference
4502628449-20,USER 14,SE15,Vendor_1,PNEUMATIC VALVE,1.000,37.33,MRP_SemiAuto
4502628480-30,USER 482,SE04,Vendor_14,"LAMP,FITTING,OTHER",5.000,2.41,MRP_SemiAuto
4502628641-70,USER 433,SE01,Vendor_1,"PIPE,PIPE COMPONENT",5.000,2.97,MRP_SemiAuto
4502629531-30,USER 433,SE01,Vendor_1,"CABLE,LEAD",3.000,6.25,MRP_SemiAuto
4502629806-110,USER 141,SE03,Vendor_1,"SCREW,NUT,WASHER",25.000,1.23,MRP_SemiAuto
4502629831-80,USER 141,SE03,Vendor_14,"CABLE,LEAD",18.000,63.99,MRP_SemiAuto
4502629924-80,USER 12,SE19,Vendor_1,"HANDTOOL,MACHINE",200.000,3.72,MRP_SemiAuto
4502629960-50,USER 433,SE01,Vendor_1,CLEANING EQUIPMENT,5.000,9.24,MRP_SemiAuto
4502630086-20,USER 411,SE11,Vendor_1,"MEASURING,ADJUSTMENT",1.000,10.26,Free text based order
4502630427-20,E-USER,SE04,Vendor_1,"HANDTOOL,MACHINE",19.000,66.56,eCatalogue
4502630571-10,USER 433,SE01,Vendor_1,"HANDTOOL,MACHINE",1.000,9.97,MRP_SemiAuto
4502630606-10,USER 433,SE01,Vendor_6,FORMING FABRIC,1.000,11267.00,MRP_SemiAuto
4502630842-110,USER 482,SE04,Vendor_14,"CABLE,LEAD",1500.000,1.74,MRP_SemiAuto
4502630962-20,USER 142,SE04,Vendor_1,"CABLE,LEAD",150.000,12.42,Free text based order
4502631381-10,E-USER,SE03,Vendor_1,"HANDTOOL,MACHINE",2.000,34.29,eCatalogue
4502631500-10,USER 482,SE04,Vendor_1,"PIPE,PIPE COMPONENT",10.000,2.90,MRP_SemiAuto
4502631500-90,USER 482,SE04,Vendor_1,"PIPE,PIPE COMPONENT",10.000,4.33,MRP_SemiAuto
4502631500-100,USER 482,SE04,Vendor_1,"PIPE,PIPE COMPONENT",6.000,11.66,MRP_SemiAuto
4502631561-70,USER 433,SE01,Vendor_1,"HANDTOOL,MACHINE",3.000,8.14,MRP_SemiAuto
4502631713-10,E-USER,SE04,Vendor_16,OTHER VARIOUS ITEMS,3.000,7.26,eCatalogue
4502631743-180,E-USER,SE07,Vendor_1,"HANDTOOL,MACHINE",1.000,5.96,MRP_Auto
4502631743-190,E-USER,SE07,Vendor_1,"HANDTOOL,MACHINE",1.000,1.74,MRP_Auto
4502631821-70,E-USER,SE15,Vendor_1,"CABLE,LEAD",200.000,4.15,MRP_Auto
4502632454-50,USER 230,SE19,Vendor_1,"SCREW,NUT,WASHER",400.000,0.01,Free text based order
4502632634-60,USER 141,SE03,Vendor_1,PROTECTOR,4.000,4.06,MRP_SemiAuto
4502632735-50,E-USER,DE01,Vendor_18,"MEASURING,ADJUSTMENT",1.000,454.23,Order with contract reference
4502632812-10,E-USER,SE01,Vendor_2,"OFFICE MACHINE,EQUIP",2.000,643.06,eCatalogue
4502633296-20,E-USER,SE06,Vendor_1,"PIPE,PIPE COMPONENT",10.000,70.59,MRP_Auto
4502633318-40,USER 511,SE01,Vendor_9,A-INT MARGIN,1.000,4000.00,Framework order
4502633343-20,USER 322,X71J,Vendor_1,HEAT.PLUMB.AIR-COND.,2.000,15.00,Free text based order
4502633363-70,USER 12,SE19,Vendor_1,"HANDTOOL,MACHINE",12.000,4.72,MRP_SemiAuto
4502633406-20,USER 12,SE19,Vendor_6,PLANE SEAL,5.000,40.00,MRP_SemiAuto
4502633416-20,USER 12,SE19,Vendor_14,"LAMP,FITTING,OTHER",10.000,0.77,MRP_SemiAuto
4502634190-10,E-USER,X82J,Vendor_1,PROTECTOR,1.000,102.00,eCatalogue
4502634829-10,USER 482,SE04,Vendor_1,"CABLE,LEAD",500.000,5.26,MRP_SemiAuto
4502634907-50,USER 437,DE01,Vendor_9,"A-INT FEES, SERVICES",12.000,15730.00,Free text based order
4502634907-80,USER 437,DE01,Vendor_9,A-INT MARGIN,12.000,700.00,Free text based order
4502636087-20,USER 41,SE04,Vendor_16,OTHER VARIOUS ITEMS,20.000,0.61,MRP_SemiAuto
4502636152-10,E-USER,X82J,Vendor_1,PROTECTOR,1.000,102.00,eCatalogue
4502636496-40,E-USER,SE06,Vendor_1,PROTECTOR,20.000,11.95,MRP_Auto
4502636505-310,USER 141,SE03,Vendor_1,"PAINT,GLUE",5.000,14.87,MRP_SemiAuto
4700044340-10,USER 519,X51J,Vendor_6,MAINT.SERVICE&REPAIR,1.000,60000.00,Refurbishment PO
4700045536-10,USER 468,BE91,Vendor_6,OTH PROD. CHARGES,1.000,0.00,Refurbishment PO
4700045611-21,USER 35,DE52,Vendor_6,"MAINTENANCE, GENERAL",1.000,497.00,Refurbishment PO
4700047041-10,USER 12,SE19,Vendor_6,"MACHINE,EQUIP.FIXING",1.000,3700.00,"Direct purchases, no req"
4502504897-20,USER 12,SE19,Vendor_1,"PIPE,PIPE COMPONENT",30.000,2.82,"Direct purchases, no req"
4502586097-10,USER 511,SE01,Vendor_1,"PIPE,PIPE COMPONENT",2.000,2.22,Free text based order
4502462496-10,USER 433,SE01,Vendor_1,CLEANER,8.000,4.48,MRP_SemiAuto
4502635862-10,E-USER,SE06,Vendor_1,SAFETY CLOTHING,1.000,108.17,MRP_Auto
4502544035-80,USER 141,SE03,Vendor_1,PNEUMATIC VALVE,1.000,22.27,Order with contract reference
4502635862-100,E-USER,SE06,Vendor_1,"SCREW,NUT,WASHER",5.000,0.65,MRP_Auto
4502617185-100,E-USER,SE04,Vendor_1,"HANDTOOL,MACHINE",1.000,6.28,eCatalogue
4502617185-130,E-USER,SE04,Vendor_1,"HANDTOOL,MACHINE",1.000,22.73,eCatalogue
4502519213-10,USER 293,SE06,Vendor_14,"LAMP,FITTING,OTHER",1.000,322.59,Free text based order
4502619856-20,USER 433,SE01,Vendor_1,"ALARM,CONTROL",4.000,110.82,MRP_SemiAuto
4502619987-40,USER 23,SE06,Vendor_14,"LAMP,FITTING,OTHER",12.000,3.93,MRP_SemiAuto
4502619989-50,USER 23,SE06,Vendor_1,"SCREW,NUT,WASHER",400.000,0.10,MRP_SemiAuto
4502617185-10,E-USER,SE04,Vendor_1,"HANDTOOL,MACHINE",1.000,19.75,eCatalogue
4502620619-20,E-USER,SE04,Vendor_16,OTHER VARIOUS ITEMS,1.000,7.53,eCatalogue
4502621528-60,E-USER,SE04,Vendor_1,"HANDTOOL,MACHINE",1.000,3.51,MRP_Auto
4502462285-50,E-USER,SE15,Vendor_1,HEAT.PLUMB.AIR-COND.,6.000,5.52,eCatalogue
4502585495-180,USER 141,SE03,Vendor_1,"SCREW,NUT,WASHER",50.000,0.95,MRP_SemiAuto
4502601285-50,USER 433,SE01,Vendor_1,"SCREW,NUT,WASHER",50.000,1.02,MRP_SemiAuto
4502483946-130,E-USER,SE06,Vendor_1,"HANDTOOL,MACHINE",20.000,1.05,MRP_Auto
4502460119-310,USER 141,SE03,Vendor_1,"SCREW,NUT,WASHER",400.000,0.10,MRP_SemiAuto
4502614386-120,USER 411,SE11,Vendor_1,"CABLE,LEAD",50.000,1.35,Free text based order
4502516525-10,USER 293,SE06,Vendor_1,"MAINTENANCE, GENERAL",1.000,576.85,Service
4502462410-30,USER 177,SE19,Vendor_1,"SWITCH,CONTACTOR",1.000,52.51,"Direct purchases, no req"
4502544374-30,USER 518,SE10,Vendor_1,"HOSE,HOSE COMPONENT",50.000,17.99,MRP_SemiAuto
4502567692-30,USER 12,SE19,Vendor_1,"PIPE,PIPE COMPONENT",5.000,3.52,MRP_SemiAuto
4502484198-110,USER 12,SE19,Vendor_1,"HANDTOOL,MACHINE",1.000,2.28,MRP_SemiAuto
4502596939-10,USER 25,SE15,Vendor_14,"LAMP,FITTING,OTHER",10.000,5.22,Free text based order
4502616424-80,USER 23,SE06,Vendor_14,"LAMP,FITTING,OTHER",5.000,7.55,MRP_SemiAuto
4502597368-80,E-USER,SE06,Vendor_1,BUTTERFLY VALVE,1.000,666.41,MRP_Auto
4502460126-10,USER 25,SE15,Vendor_2,"IT ADP-EQUIPMENT,DEV",1.000,191.72,Free text based order
4502616717-10,USER 433,SE01,Vendor_1,SAFETY CLOTHING,1.000,108.55,MRP_SemiAuto
4502517800-250,USER 12,SE19,Vendor_1,"HANDTOOL,MACHINE",200.000,3.82,MRP_SemiAuto
4502517800-280,USER 12,SE19,Vendor_1,MERCHANT BAR,50.000,0.98,MRP_SemiAuto
4502621535-10,E-USER,SE06,Vendor_14,"LAMP,FITTING,OTHER",1.000,230.10,MRP_Auto
4502621543-60,E-USER,SE03,Vendor_1,PROTECTOR,1.000,5.13,MRP_Auto
4502620038-40,USER 230,SE19,Vendor_5,"MAINTENANCE, GENERAL",1.000,753.10,Service
4502586560-30,E-USER,SE03,Vendor_1,"HANDTOOL,MACHINE",3.000,51.39,eCatalogue
4502601282-70,USER 433,SE01,Vendor_1,SAFETY CLOTHING,1.000,58.48,MRP_SemiAuto
4502539822-260,E-USER,SE03,Vendor_1,"HANDTOOL,MACHINE",1.000,30.43,eCatalogue
4502604518-20,USER 433,SE01,Vendor_1,"HANDTOOL,MACHINE",2.000,13.66,MRP_SemiAuto
4502539822-90,E-USER,SE03,Vendor_1,"HANDTOOL,MACHINE",1.000,25.19,eCatalogue
4502541596-50,USER 177,SE19,Vendor_1,"LAMP,FITTING,OTHER",12.000,20.09,"Direct purchases, no req"
4502585650-50,USER 23,SE06,Vendor_1,SAFETY CLOTHING,20.000,15.52,MRP_SemiAuto
4502517928-10,USER 293,SE06,Vendor_8,ENVIROMENTAL SERVICE,1.000,672.27,Service
4502462086-10,USER 225,SE03,Vendor_1,SAFETY CLOTHING,1.000,136.18,Free text based order
4502462086-100,USER 225,SE03,Vendor_1,SAFETY CLOTHING,1.000,86.94,Free text based order
4502514786-10,USER 295,SE03,Vendor_1,"HANDTOOL,MACHINE",5.000,5.95,Free text based order
4502597646-30,USER 23,SE06,Vendor_14,OTHER FASTENER,100.000,5.98,Order with contract reference
4502462682-50,USER 14,SE15,Vendor_14,"LAMP,FITTING,OTHER",30.000,2.74,MRP_SemiAuto
4502616493-30,USER 199,SE11,Vendor_1,"CONTROL SYSTEM,ADP",6.000,1.76,Free text based order
4502585672-10,USER 511,SE01,Vendor_12,"MAINTENANCE, GENERAL",1.000,734.18,Order with contract reference
4502621809-40,USER 14,SE15,Vendor_1,"CABLE,LEAD",4.000,1.84,MRP_SemiAuto
4502585654-40,USER 25,SE15,Vendor_17,LAB EQUIPMENT,1.000,22.34,Free text based order
4502601977-20,USER 433,SE01,Vendor_1,"HANDTOOL,MACHINE",1.000,55.26,MRP_SemiAuto
4502621623-20,USER 23,SE07,Vendor_14,"LAMP,FITTING,OTHER",8.000,1.51,MRP_SemiAuto
4502596927-20,E-USER,SE15,Vendor_1,"HANDTOOL,MACHINE",10.000,4.34,eCatalogue
4502539587-10,E-USER,SE01,Vendor_1,HOUSEHOLD THINGS,1.000,391.16,eCatalogue
4502585570-10,E-USER,SE04,Vendor_1,"CONTROL SYSTEM,ADP",25.000,11.64,eCatalogue
4502585666-50,USER 295,SE03,Vendor_1,"HANDTOOL,MACHINE",1.000,43.77,Free text based order
4502484164-40,USER 41,SE04,Vendor_14,"LAMP,FITTING,OTHER",2.000,4.32,MRP_SemiAuto
4502590677-50,USER 433,SE01,Vendor_1,PLATE,64.000,114.84,MRP_SemiAuto
4502544035-160,USER 141,SE03,Vendor_1,"PIPE,PIPE COMPONENT",5.000,3.73,Order with contract reference
4502544252-30,USER 23,SE06,Vendor_1,SAFETY CLOTHING,20.000,14.83,"Direct purchases, no req"
4502460190-10,USER 12,SE19,Vendor_1,OTHER TECNICAL PART,1.000,548.62,"Direct purchases, no req"
4502621543-20,E-USER,SE03,Vendor_1,"SCREW,NUT,WASHER",200.000,0.03,Order with contract reference
4502585791-30,USER 482,SE04,Vendor_14,"CABLE,LEAD",2.000,6.90,MRP_SemiAuto
4502575234-20,USER 295,SE03,Vendor_1,FAN,4.000,18.94,Free text based order
4502632685-20,USER 23,SE06,Vendor_14,"LAMP,FITTING,OTHER",10.000,17.71,MRP_SemiAuto
4502616412-20,USER 141,SE03,Vendor_14,"LAMP,FITTING,OTHER",40.000,1.56,MRP_SemiAuto
4502601288-10,USER 433,SE01,Vendor_1,BALLVALVE,2.000,443.20,MRP_SemiAuto
4502460119-180,USER 141,SE03,Vendor_1,PROTECTOR,20.000,4.26,MRP_SemiAuto
4502462065-70,USER 12,SE19,Vendor_1,PROTECTOR,20.000,4.79,MRP_SemiAuto
4502517866-90,E-USER,SE15,Vendor_1,"HANDTOOL,MACHINE",2.000,3.70,eCatalogue
4502620175-10,E-USER,SE03,Vendor_1,MOTOR FUEL,30.000,2.41,eCatalogue
4502619627-10,E-USER,SE03,Vendor_1,"STOCK EQUIP,CONTAIN.",8.000,13.38,eCatalogue
4502517433-140,E-USER,SE06,Vendor_1,"HANDTOOL,MACHINE",30.000,3.94,MRP_Auto
4502517433-50,E-USER,SE06,Vendor_1,PROTECTOR,1.000,49.82,MRP_Auto
4502517433-60,E-USER,SE06,Vendor_1,SAFETY CLOTHING,36.000,2.49,MRP_Auto
4502462392-10,USER 511,SE01,Vendor_15,"MAINTENANCE, GENERAL",1.000,314.03,Order with contract reference
4502517800-110,USER 12,SE19,Vendor_1,OTHER TECNICAL PART,30.000,2.25,MRP_SemiAuto
4502517800-240,USER 12,SE19,Vendor_1,"HOSE,HOSE COMPONENT",3.000,3.02,MRP_SemiAuto
4502604518-120,USER 433,SE01,Vendor_1,"HANDTOOL,MACHINE",1.000,20.52,MRP_SemiAuto
4502617062-60,USER 225,SE03,Vendor_1,"WELD,SOLDER",10.000,12.76,Free text based order
4502616388-40,E-USER,SE06,Vendor_1,"PIPE,PIPE COMPONENT",5.000,11.75,MRP_Auto
4502539415-50,USER 411,SE11,Vendor_16,"PRINT PRODUCT,BOOK",1.000,9.05,MRP_SemiAuto
4502537485-70,USER 12,SE19,Vendor_1,"HANDTOOL,MACHINE",24.000,7.64,MRP_SemiAuto
4502484140-20,USER 177,SE19,Vendor_1,"LAMP,FITTING,OTHER",30.000,0.29,MRP_SemiAuto
4502619989-120,USER 23,SE06,Vendor_1,"SCREW,NUT,WASHER",1000.000,0.01,MRP_SemiAuto
4502619989-200,USER 23,SE06,Vendor_1,PROTECTOR,5.000,5.81,MRP_SemiAuto
4502544102-30,E-USER,SE15,Vendor_1,"PIPE,PIPE COMPONENT",4.000,13.91,MRP_Auto
4502539776-30,USER 518,SE10,Vendor_1,"SCREW,NUT,WASHER",25.000,0.49,Free text based order
4502616485-20,E-USER,SE19,Vendor_2,"IT ADP-EQUIPMENT,DEV",2.000,32.89,eCatalogue
4502545262-20,USER 14,SE15,Vendor_1,"PIPE,PIPE COMPONENT",1.000,5.24,MRP_SemiAuto
4502545289-60,USER 14,SE15,Vendor_14,"CABLE,LEAD",1.000,8.42,MRP_SemiAuto
4502504331-190,USER 141,SE03,Vendor_1,PROTECTOR,10.000,57.91,MRP_SemiAuto
4502547953-60,USER 53,SE06,Vendor_14,"FUSE,BOX,CENTER",1.000,52.60,MRP_SemiAuto
4502621539-270,E-USER,SE06,Vendor_1,"PIPE,PIPE COMPONENT",2.000,9.92,MRP_Auto
4502621539-310,E-USER,SE06,Vendor_1,"HANDTOOL,MACHINE",7.000,3.33,MRP_Auto
4502619532-80,E-USER,SE06,Vendor_1,"PIPE,PIPE COMPONENT",5.000,21.73,MRP_Auto
4502619532-20,E-USER,SE06,Vendor_1,"PIPE,PIPE COMPONENT",20.000,2.05,MRP_Auto
4502621623-10,USER 23,SE07,Vendor_14,"LAMP,FITTING,OTHER",4.000,3.72,MRP_SemiAuto
4502636069-30,USER 433,SE01,Vendor_1,PROTECTOR,2000.000,0.11,MRP_SemiAuto
4502597646-60,USER 23,SE06,Vendor_14,"LAMP,FITTING,OTHER",3.000,11.76,MRP_SemiAuto
4502601179-30,USER 14,SE15,Vendor_14,"SWITCH,CONTACTOR",1.000,0.22,MRP_SemiAuto
4502616388-90,E-USER,SE06,Vendor_1,"SCREW,NUT,WASHER",50.000,0.65,MRP_Auto
4502597512-90,USER 12,SE19,Vendor_1,"CABLE,LEAD",20.000,0.63,MRP_SemiAuto
4502598111-110,USER 433,SE01,Vendor_1,"HANDTOOL,MACHINE",5.000,12.24,MRP_SemiAuto
4502600960-140,E-USER,SE06,Vendor_14,"FUSE,BOX,CENTER",3.000,9.66,MRP_Auto
4502600960-150,E-USER,SE06,Vendor_14,"FUSE,BOX,CENTER",3.000,9.66,MRP_Auto
4502600569-30,USER 12,SE19,Vendor_17,"CONTROL SYSTEM,ADP",1.000,2496.64,"Direct purchases, no req"
4502600965-80,E-USER,SE06,Vendor_1,"HANDTOOL,MACHINE",5.000,18.19,MRP_Auto
4502462106-40,USER 23,SE06,Vendor_14,"CABLE,LEAD",100.000,0.25,MRP_SemiAuto
4502514830-90,USER 14,SE15,Vendor_14,OTHER FASTENER,9.000,16.17,MRP_SemiAuto
4502539660-60,USER 433,SE01,Vendor_1,"WELD,SOLDER",18.900,19.57,MRP_SemiAuto
4502622480-40,USER 14,SE15,Vendor_14,"LAMP,FITTING,OTHER",1.000,2.97,MRP_SemiAuto
4502597352-20,E-USER,SE07,Vendor_1,"HANDTOOL,MACHINE",1.000,19.06,MRP_Auto
4502597352-30,E-USER,SE07,Vendor_1,SAFETY CLOTHING,2.000,91.18,MRP_Auto
4502585575-10,E-USER,SE15,Vendor_2,"IT ADP-EQUIPMENT,DEV",1.000,63.12,eCatalogue
4502504331-60,USER 141,SE03,Vendor_1,"HANDTOOL,MACHINE",1.000,7.69,MRP_SemiAuto
4502517866-110,E-USER,SE15,Vendor_1,"HANDTOOL,MACHINE",2.000,2.79,eCatalogue
4502615185-90,USER 411,SE11,Vendor_1,"CONTROL SYSTEM,ADP",1.000,512.83,Free text based order
4502460433-10,USER 411,SE11,Vendor_1,"STOCK EQUIP,CONTAIN.",2.000,10.49,Free text based order
4502610555-30,USER 482,SE04,Vendor_14,OTHER TECNICAL PART,18.000,1.23,MRP_SemiAuto
4502544035-280,USER 141,SE03,Vendor_1,MAINTENANCE CHEMICAL,12.000,6.93,MRP_SemiAuto
4502619626-10,E-USER,SE04,Vendor_1,"HANDTOOL,MACHINE",2.000,17.27,eCatalogue
4502636069-20,USER 433,SE01,Vendor_1,CLEANER,48.000,5.77,MRP_SemiAuto
4502636087-30,USER 41,SE04,Vendor_16,OTHER TECNICAL PART,200.000,0.25,MRP_SemiAuto
4502619989-130,USER 23,SE06,Vendor_1,"SCREW,NUT,WASHER",25.000,1.70,MRP_SemiAuto
4502621583-20,USER 245,SE19,Vendor_1,PROTECTOR,4.000,27.45,MRP_SemiAuto
4502616388-120,E-USER,SE06,Vendor_1,"PIPE,PIPE COMPONENT",2.000,6.19,MRP_Auto
4502622758-20,USER 318,SE10,Vendor_1,"HANDTOOL,MACHINE",1.000,12.68,MRP_SemiAuto
4502539369-40,E-USER,SE06,Vendor_1,MAINTENANCE CHEMICAL,12.000,12.93,MRP_Auto
4502515348-40,E-USER,SE03,Vendor_1,PROTECTOR,10.000,13.64,Order with contract reference
4502460119-240,USER 141,SE03,Vendor_1,"PIPE,PIPE COMPONENT",5.000,4.47,MRP_SemiAuto
4502483946-140,E-USER,SE06,Vendor_1,PROTECTIVE EQUIPMENT,5.000,7.74,MRP_Auto
4502483946-150,E-USER,SE06,Vendor_1,MERCHANT BAR,12.000,14.18,MRP_Auto
4502617309-60,USER 14,SE15,Vendor_14,"FUSE,BOX,CENTER",3.000,3.42,MRP_SemiAuto
4502616516-40,USER 199,SE11,Vendor_2,OTHER VARIOUS ITEMS,2.000,22.25,MRP_SemiAuto
4502598110-30,USER 433,SE01,Vendor_1,"HANDTOOL,MACHINE",50.000,1.28,MRP_SemiAuto
4502601282-10,USER 433,SE01,Vendor_1,SAFETY CLOTHING,1.000,91.66,MRP_SemiAuto
4502544025-10,E-USER,SE06,Vendor_14,"LAMP,FITTING,OTHER",10.000,9.13,MRP_Auto
4502462360-10,USER 433,SE01,Vendor_1,"LAMP,FITTING,OTHER",10.000,1.66,MRP_SemiAuto
4502517433-80,E-USER,SE06,Vendor_1,"SCREW,NUT,WASHER",50.000,0.53,MRP_Auto
4502621189-110,USER 245,SE19,Vendor_1,"HANDTOOL,MACHINE",150.000,4.40,MRP_SemiAuto
4502619857-90,USER 433,SE01,Vendor_1,SAFETY CLOTHING,1.000,84.26,MRP_SemiAuto
4502601365-10,USER 12,SE19,Vendor_1,"HANDTOOL,MACHINE",1.000,43.31,MRP_SemiAuto
4502622752-20,USER 518,SE10,Vendor_2,OTHER VARIOUS ITEMS,1.000,6.91,MRP_SemiAuto
4502544682-10,USER 518,SE10,Vendor_1,OTHER MAINTENANCE,10.000,3.73,MRP_SemiAuto
4502597646-50,USER 23,SE06,Vendor_14,"CABLE,LEAD",1.000,2.52,MRP_SemiAuto
6000094677-10,USER 5,1515,Vendor_6,PNEUMATIC CYLINDER,0.000,,"Direct purchases, no req"
4502617332-30,USER 12,SE19,Vendor_1,"HANDTOOL,MACHINE",6.000,20.63,MRP_SemiAuto
4502622068-10,E-USER,SE03,Vendor_1,"PIPE,PIPE COMPONENT",2.000,7.80,eCatalogue
4502539661-30,USER 433,SE01,Vendor_1,"PIPE,PIPE COMPONENT",1.000,131.51,MRP_SemiAuto
4502590677-40,USER 433,SE01,Vendor_1,PLATE,64.000,114.84,MRP_SemiAuto
4502621543-40,E-USER,SE03,Vendor_1,PROTECTOR,1.000,5.13,Order with contract reference
4502498434-10,USER 433,SE01,Vendor_1,PLATE,32.000,4.86,MRP_SemiAuto
4502544374-70,USER 518,SE10,Vendor_1,"SCREW,NUT,WASHER",3.000,6.42,Free text based order
4502539961-50,E-USER,SE01,Vendor_2,"OFFICE MACHINE,EQUIP",1.000,14.22,eCatalogue
4502506612-230,USER 141,SE03,Vendor_14,"CABLE,LEAD",500.000,0.55,MRP_SemiAuto
4502460406-90,E-USER,SE01,Vendor_1,"HANDTOOL,MACHINE",1.000,8.07,eCatalogue
4502620193-40,E-USER,SE01,Vendor_1,SAFETY CLOTHING,1.000,20.24,eCatalogue
4502513377-10,USER 295,SE03,Vendor_14,"CONTROL SYSTEM,ADP",1.000,45.70,Free text based order
4502513893-10,USER 25,SE15,Vendor_1,"CABLE,LEAD",1.000,94.03,Free text based order
4502544026-10,E-USER,SE06,Vendor_1,SAFETY CLOTHING,1.000,19.14,MRP_Auto
4502544252-20,USER 23,SE06,Vendor_1,SAFETY CLOTHING,35.000,14.83,MRP_SemiAuto
4502544012-50,E-USER,SE07,Vendor_1,"HANDTOOL,MACHINE",1.000,5.83,MRP_Auto
4502619532-110,E-USER,SE06,Vendor_1,PROTECTOR,5.000,13.23,MRP_Auto
4502621809-20,USER 14,SE15,Vendor_1,HEAT.PLUMB.AIR-COND.,1.000,236.47,MRP_SemiAuto
4502460892-10,USER 167,SE12,Vendor_1,OTHER MAINTENANCE,1.000,13.71,Free text based order
4502462144-10,USER 511,SE01,Vendor_1,"MAINTENANCE, GENERAL",1.000,46.89,Free text based order
4502462977-60,USER 433,SE01,Vendor_1,"HANDTOOL,MACHINE",3.000,8.48,MRP_SemiAuto
4502462981-20,USER 433,SE01,Vendor_1,"HANDTOOL,MACHINE",1.000,7.49,MRP_SemiAuto
4502617062-80,USER 225,SE03,Vendor_1,"PIPE,PIPE COMPONENT",1.000,399.52,Free text based order
4502616412-330,USER 141,SE03,Vendor_14,"FUSE,BOX,CENTER",5.000,4.30,MRP_SemiAuto
4502539415-10,USER 411,SE11,Vendor_16,SEPACK PRODUCT ITEM,5.000,6.32,Free text based order
4502616412-40,USER 141,SE03,Vendor_14,"LAMP,FITTING,OTHER",6.000,273.09,MRP_SemiAuto
4502597666-10,USER 433,SE01,Vendor_6,FINISHING,1.000,397.75,MRP_SemiAuto
4502597529-10,USER 511,SE01,Vendor_12,"MAINTENANCE, GENERAL",1.000,524.39,Order with contract reference
4502596996-100,USER 12,SE19,Vendor_1,"SWITCH,CONTACTOR",6.000,8.18,MRP_SemiAuto
4502597836-10,USER 14,SE15,Vendor_14,"MEASURING,ADJUSTMENT",40.000,19.14,MRP_SemiAuto
4502597400-90,USER 482,SE04,Vendor_1,PLATE,205.000,5.35,MRP_SemiAuto
4502597368-40,E-USER,SE06,Vendor_1,SAFETY CLOTHING,1.000,94.96,MRP_Auto
4502559439-40,USER 225,SE03,Vendor_1,"WATER FILTER, OTHER",1.000,99.81,Free text based order
4502601280-10,USER 433,SE01,Vendor_1,CLEANER,8.000,4.46,MRP_SemiAuto
4502462023-10,USER 414,SE06,Vendor_1,SAFETY CLOTHING,1.000,45.74,Free text based order
4502462144-30,USER 511,SE01,Vendor_1,OTHER TECNICAL PART,15.000,2.41,Free text based order
4502539663-20,USER 433,SE01,Vendor_1,"SCREW,NUT,WASHER",25.000,0.56,MRP_SemiAuto
4502484164-20,USER 41,SE04,Vendor_14,"CABLE,LEAD",1.000,19.16,MRP_SemiAuto
4502544252-70,USER 23,SE06,Vendor_1,SAFETY CLOTHING,10.000,14.83,"Direct purchases, no req"
4502585924-40,USER 318,SE10,Vendor_1,PROTECTOR,4.000,50.36,MRP_SemiAuto
4502585801-10,USER 482,SE04,Vendor_1,"SWITCH,CONTACTOR",20.000,2.40,MRP_SemiAuto
4502585655-10,USER 511,SE01,Vendor_12,"MAINTENANCE, GENERAL",1.000,524.41,Order with contract reference
4502616479-10,E-USER,SE01,Vendor_1,"HANDTOOL,MACHINE",1.000,495.14,eCatalogue
4502585650-10,USER 23,SE06,Vendor_1,SAFETY CLOTHING,30.000,15.21,MRP_SemiAuto
4502517800-70,USER 12,SE19,Vendor_1,"HANDTOOL,MACHINE",50.000,1.26,MRP_SemiAuto
4502635989-10,USER 346,SE04,Vendor_14,"CABLE,LEAD",36.000,9.27,Free text based order
4502585688-10,USER 411,SE11,Vendor_1,"CONTROL SYSTEM,ADP",2.000,69.22,Free text based order
4502585688-100,USER 411,SE11,Vendor_1,"MEASURING,ADJUSTMENT",1.000,14.94,Free text based order
4502518273-10,USER 140,SE04,Vendor_2,"IT ADP-EQUIPMENT,DEV",1.000,67.75,Free text based order
4502517925-10,USER 293,SE06,Vendor_8,ENVIROMENTAL SERVICE,1.000,66.60,Service
4502515633-10,USER 433,SE01,Vendor_1,"HANDTOOL,MACHINE",1.000,9.65,MRP_SemiAuto
4502535513-10,USER 433,SE01,Vendor_1,"SCREW,NUT,WASHER",10.000,26.70,MRP_SemiAuto
4502460620-10,E-USER,SE04,Vendor_1,SAFETY CLOTHING,2.000,30.96,eCatalogue
4502539822-10,E-USER,SE03,Vendor_1,"HANDTOOL,MACHINE",2.000,14.20,eCatalogue
4502539822-50,E-USER,SE03,Vendor_1,"HANDTOOL,MACHINE",1.000,35.60,eCatalogue
4502539822-100,E-USER,SE03,Vendor_1,"HANDTOOL,MACHINE",1.000,25.53,eCatalogue
4502462358-60,USER 433,SE01,Vendor_1,"PIPE,PIPE COMPONENT",4.000,60.97,MRP_SemiAuto
4502462065-30,USER 12,SE19,Vendor_1,"HANDTOOL,MACHINE",1.000,47.03,MRP_SemiAuto
4502462414-10,USER 511,SE01,Vendor_15,"MAINTENANCE, GENERAL",1.000,261.69,Order with contract reference
4502620179-70,USER 23,SE06,Vendor_1,"PIPE,PIPE COMPONENT",2.000,104.57,"Direct purchases, no req"
4502533712-180,E-USER,SE07,Vendor_1,OTHER FASTENER,100.000,5.26,Order with contract reference
4502619871-70,USER 482,SE04,Vendor_1,"PIPE,PIPE COMPONENT",90.000,13.75,MRP_SemiAuto
4502619525-10,E-USER,SE04,Vendor_1,"HANDTOOL,MACHINE",1.000,11.81,MRP_Auto
4502622099-10,USER 53,SE06,Vendor_17,"LAMP,FITTING,OTHER",5.000,22.77,MRP_SemiAuto
4502520130-70,USER 12,SE19,Vendor_1,"TRANSFORMER,INVERTER",2.000,18.41,MRP_SemiAuto
4502635862-40,E-USER,SE06,Vendor_1,"PIPE,PIPE COMPONENT",5.000,13.09,MRP_Auto
4502585478-30,E-USER,SE04,Vendor_1,"HANDTOOL,MACHINE",1.000,15.09,MRP_Auto
4502517800-20,USER 12,SE19,Vendor_1,"WELD,SOLDER",25.800,6.35,MRP_SemiAuto
4502517800-180,USER 12,SE19,Vendor_1,"PIPE,PIPE COMPONENT",5.000,3.13,MRP_SemiAuto
4502517953-10,USER 433,SE01,Vendor_1,CLEANING EQUIPMENT,40.000,1.03,MRP_SemiAuto
4502515161-70,E-USER,SE06,Vendor_1,"HANDTOOL,MACHINE",1.000,18.80,MRP_Auto
4502592099-60,USER 433,SE01,Vendor_1,"HANDTOOL,MACHINE",1.000,9.99,MRP_SemiAuto
4502597007-20,USER 433,SE01,Vendor_1,"PIPE,PIPE COMPONENT",10.000,7.93,MRP_SemiAuto
4502617291-170,USER 14,SE15,Vendor_1,"PIPE,PIPE COMPONENT",3.000,10.51,MRP_SemiAuto
4502597701-30,USER 23,SE07,Vendor_14,"LAMP,FITTING,OTHER",1.000,3.16,MRP_SemiAuto
4502602246-60,USER 433,SE01,Vendor_1,"HANDTOOL,MACHINE",3.000,18.74,MRP_SemiAuto
